No,CP,Cycle20,Cycle80,Cycle320
1,0.08584,  ,  ,  
2,0.0808,  ,  ,  
3,0.074735729,  ,  ,  
4,0.079192863,  ,  ,  
5,0.05846976,  ,  ,  
6,0.06059287,  ,  ,  
7,0.05454,  ,  ,  
8,0.050540618,LOW,  ,  
9,0.056,  ,  ,  
10,0.058622016,  ,  ,  
11,0.058911099,  ,  ,  
12,0.0699,  ,  ,  
13,0.064657382,  ,  ,  
14,0.067545799,  ,  ,  
15,0.0611,  ,  ,  
16,0.06,  ,  ,  
17,0.060012151,  ,  ,  
18,0.05701578,  ,  ,  
19,0.061,  ,  ,  
20,0.061671315,  ,  ,  
21,0.059003945,  ,  ,  
22,0.0609,  ,  ,  
23,0.0704,HIGH,  ,  
24,0.069338729,  ,  ,  
25,0.067,  ,  ,  
26,0.07,  ,  ,  
27,0.0645,LOW*,  ,  
28,0.066996434,  ,  ,  
29,0.065117932,  ,  ,  
30,0.0655,  ,  ,  
31,0.07,HIGH*,  ,  
32,0.068,  ,  ,  
33,0.0667,  ,  ,  
34,0.0655,  ,  ,  
35,0.0664,  ,  ,  
36,0.065928989,  ,  ,  
37,0.06491,  ,  ,  
38,0.065,  ,  ,  
39,0.0648,  ,  ,  
40,0.064075114,  ,  ,  
41,0.065,  ,  ,  
42,0.0646,  ,  ,  
43,0.064,  ,  ,  
44,0.06497,  ,  ,  
45,0.06,LOW,LOW,  
46,0.062024828,  ,  ,  
47,0.0634,  ,  ,  
48,0.06085,  ,  ,  
49,0.062178276,  ,  ,  
50,0.06165,  ,  ,  
51,0.0616,  ,  ,  
52,0.061239118,  ,  ,  
53,0.061,  ,  ,  
54,0.061114971,  ,  ,  
55,0.061011524,  ,  ,  
56,0.063620865,HIGH,  ,  
57,0.0615,  ,  ,  
58,0.06218,  ,  ,  
59,0.06199,  ,  ,  
60,0.0604,  ,  ,  
61,0.0619,  ,  ,  
62,0.060000526,LOW,  ,  
63,0.061,  ,  ,  
64,0.0627,HIGH,  ,  
65,0.062101736,  ,  ,  
66,0.06265,  ,  ,  
67,0.06188187,  ,  ,  
68,0.062153513,  ,  ,  
69,0.0622,  ,  ,  
70,0.06202,  ,  ,  
71,0.062,  ,  ,  
72,0.062200442,  ,  ,  
73,0.061903898,  ,  ,  
74,0.06191,  ,  ,  
75,0.0619,  ,  ,  
76,0.061973314,  ,  ,  
77,0.0614,  ,  ,  
78,0.061064868,LOW,  ,  
79,0.061294477,  ,  ,  
80,0.0614,  ,  ,  
81,0.06281,  ,  ,  
82,0.067,  ,  ,  
83,0.084453108,  ,  ,  
84,0.0938,  ,  ,  
85,0.097146201,  ,  ,  
86,0.095,  ,  ,  
87,0.0949,  ,  ,  
88,0.104865589,  ,  ,  
89,0.102,  ,  ,  
90,0.105,  ,  ,  
91,0.101,  ,  ,  
92,0.102,  ,  ,  
93,0.1024,  ,  ,  
94,0.097544892,  ,  ,  
95,0.099,  ,  ,  
96,0.107,  ,  ,  
97,0.1025,  ,  ,  
98,0.104556424,  ,  ,  
99,0.11501,  ,  ,  
100,0.139118553,  ,  ,  
101,0.151,  ,  ,  
102,0.1877,HIGH*,  ,  
103,0.1731,LOW*,  ,  
104,0.19,  ,  ,  
105,0.197610544,  ,  ,  
106,0.1925,  ,  ,  
107,0.194525061,  ,  ,  
108,0.1938,  ,  ,  
109,0.1931,  ,  ,  
110,0.229275161,  ,  ,  
111,0.259112414,  ,  ,  
112,0.400982303,HIGH,HIGH,  
113,0.34,  ,  ,  
114,0.243184629,  ,  ,  
115,0.217272694,LOW,  ,  
116,0.229549731,  ,  ,  
117,0.2231,  ,  ,  
118,0.2682,  ,  ,  
119,0.276,  ,  ,  
120,0.27904,  ,  ,  
121,0.268464556,  ,  ,  
122,0.225,  ,  ,  
123,0.241939334,  ,  ,  
124,0.269057791,  ,  ,  
125,0.27829,  ,  ,  
126,0.283015965,  ,  ,  
127,0.27675,  ,  ,  
128,0.285,HIGH,  ,  
129,0.28295,  ,  ,  
130,0.282905736,  ,  ,  
131,0.28,  ,  ,  
132,0.2844,  ,  ,  
133,0.283,  ,  ,  
134,0.271358679,  ,  ,  
135,0.230559456,  ,  ,  
136,0.2082,  ,  ,  
137,0.2275,  ,  ,  
138,0.255,  ,  ,  
139,0.251060084,  ,  ,  
140,0.205000526,  ,  ,  
141,0.202850018,  ,  ,  
142,0.204,  ,  ,  
143,0.233420386,  ,  ,  
144,0.2388,  ,  ,  
145,0.199991694,LOW,LOW,  
146,0.204,  ,  ,  
147,0.228,  ,  ,  
148,0.219853612,  ,  ,  
149,0.227605237,  ,  ,  
150,0.24669,  ,  ,  
151,0.24,  ,  ,  
152,0.24996,  ,  ,  
153,0.242655815,  ,  ,  
154,0.241,  ,  ,  
155,0.2401,  ,  ,  
156,0.267,HIGH*,  ,  
157,0.241436002,LOW*,  ,  
158,0.25,  ,  ,  
159,0.249970128,  ,  ,  
160,0.248,  ,  ,  
161,0.2499,  ,  ,  
162,0.264962127,  ,  ,  
163,0.264785389,  ,  ,  
164,0.281,  ,  ,  
165,0.3,  ,  ,  
166,0.3,  ,  ,  
167,0.3,  ,  ,  
168,0.3,  ,  ,  
169,0.29997,  ,  ,  
170,0.295,  ,  ,  
171,0.29895,  ,  ,  
172,0.298916302,  ,  ,  
173,0.298,  ,  ,  
174,0.32,  ,  ,  
175,0.3229,  ,  ,  
176,0.323,  ,  ,  
177,0.32659,  ,  ,  
178,0.32659,  ,  ,  
179,0.318799621,  ,  ,  
180,0.3176,  ,  ,  
181,0.399990006,HIGH*,  ,  
182,0.386,  ,  ,  
183,0.38679,  ,  ,  
184,0.3495,  ,  ,  
185,0.31299,LOW*,  ,  
186,0.31299,  ,  ,  
187,0.39,  ,  ,  
188,0.41991,  ,  ,  
189,0.440035529,  ,  ,  
190,0.4424,  ,  ,  
191,0.4199,  ,  ,  
192,0.41,  ,  ,  
193,0.41508513,  ,  ,  
194,0.4212,  ,  ,  
195,0.444484044,  ,  ,  
196,0.439,  ,  ,  
197,0.477142034,  ,  ,  
198,0.52513687,  ,  ,  
199,0.707510117,  ,  ,  
200,0.725434822,HIGH*,  ,  
201,0.693898368,LOW*,  ,  
202,0.810958971,  ,  ,  
203,0.911671477,  ,  ,  
204,0.898,  ,  ,  
205,0.88942137,  ,  ,  
206,0.918,  ,  ,  
207,1.016050245,  ,  ,  
208,0.979652963,  ,  ,  
209,1.054069454,  ,  ,  
210,1.078703284,HIGH,HIGH,  
211,1.05,  ,  ,  
212,1.070012624,  ,  ,  
213,1.05,  ,  ,  
214,1.031687629,  ,  ,  
215,1.039923198,  ,  ,  
216,0.898955915,  ,  ,  
217,0.944028117,  ,  ,  
218,0.865,  ,  ,  
219,0.835747428,LOW,  ,  
220,0.87704178,  ,  ,  
221,0.9,  ,  ,  
222,0.989095266,HIGH,  ,  
223,0.914652002,  ,  ,  
224,0.958,  ,  ,  
225,0.895033115,  ,  ,  
226,0.860220923,  ,  ,  
227,0.921096892,  ,  ,  
228,0.9399,  ,  ,  
229,0.939073383,  ,  ,  
230,0.9011,  ,  ,  
231,0.907840607,  ,  ,  
232,0.884770973,  ,  ,  
233,0.877583864,  ,  ,  
234,0.866071591,  ,  ,  
235,0.86,  ,  ,  
236,0.92067031,  ,  ,  
237,0.88,  ,  ,  
238,0.917815513,  ,  ,  
239,0.89249,  ,  ,  
240,0.893924923,  ,  ,  
241,0.87224,  ,  ,  
242,0.851211666,  ,  ,  
243,0.82542,  ,  ,  
244,0.801959208,  ,  ,  
245,0.765,  ,  ,  
246,0.7415,LOW,  ,  
247,0.75897,  ,  ,  
248,0.809130293,  ,  ,  
249,0.84971,  ,  ,  
250,0.872374366,  ,  ,  
251,0.88377,HIGH,  ,  
252,0.8552,  ,  ,  
253,0.822,  ,  ,  
254,0.7947405,  ,  ,  
255,0.792509942,  ,  ,  
256,0.789706312,  ,  ,  
257,0.78461,  ,  ,  
258,0.77411,  ,  ,  
259,0.78199,  ,  ,  
260,0.779,  ,  ,  
261,0.68,LOW,LOW,  
262,0.715691835,  ,  ,  
263,0.74,  ,  ,  
264,0.7538,  ,  ,  
265,0.74999,  ,  ,  
266,0.734060517,  ,  ,  
267,0.733156821,  ,  ,  
268,0.770113933,  ,  ,  
269,0.861381608,  ,  ,  
270,0.930320058,  ,  ,  
271,0.998629766,  ,  ,  
272,0.983673137,  ,  ,  
273,1.046632858,  ,  ,  
274,1.098122098,  ,  ,  
275,1.149433312,  ,  ,  
276,1.185162221,  ,  ,  
277,1.142125985,  ,  ,  
278,1.207338872,  ,  ,  
279,1.404505082,  ,  ,  
280,1.828852301,HIGH*,  ,  
281,1.63198422,  ,  ,  
282,1.564483635,LOW*,  ,  
283,1.77084089,  ,  ,  
284,1.903175959,  ,  ,  
285,2.285744466,  ,  ,  
286,2.85060509,  ,  ,  
287,3.5,  ,  ,  
288,3.094227553,  ,  ,  
289,3.2,  ,  ,  
290,3.360585704,  ,  ,  
291,3.408673047,  ,  ,  
292,3.343736684,  ,  ,  
293,3.455075584,  ,  ,  
294,3.641262978,  ,  ,  
295,3.848668377,  ,  ,  
296,3.804089582,  ,  ,  
297,5.651667002,  ,  ,  
298,5.439751044,  ,  ,  
299,6.334878694,  ,  ,  
300,8.139034867,HIGH,  ,  
301,7.007243829,  ,,  
302,6.924924845,  ,  ,  
303,7.885140745,  ,  ,  
304,7.257199541,  ,  ,  
305,6.763163362,  ,  ,  
306,6.890143632,  ,  ,  
307,5.618096219,LOW,  ,  
308,6.084800667,  ,  ,  
309,6.71195604,  ,  ,  
310,7.065256784,  ,  ,  
311,7.402660582,  ,  ,  
312,8.569289637,  ,  ,  
313,8.782155434,  ,  ,  
314,8.528658468,  ,  ,  
315,8.34926912,  ,  ,  
316,8.400953472,  ,  ,  
317,8.779342465,  ,  ,  
318,8.721576422,  ,  ,  
319,9.623777232,  ,  ,  
320,10.70276023,  ,  ,  
321,14.26464677,  ,  ,  
322,18.31273873,  ,  ,  
323,16.5433424,  ,  ,  
324,18.40209864,  ,  ,  
325,23.23787846,  ,  ,  
326,29.02992133,HIGH,HIGH,  
327,28.79054402,  ,  ,  
328,24.04939923,  ,  ,  
329,14.74974663,LOW,LOW,  
330,18.85014473,  ,  ,  
331,19.54232911,HIGH,HIGH,  
332,19.25773551,  ,  ,  
333,19.46414262,  ,  ,  
334,17.92936254,  ,  ,  
335,15.43636891,  ,  ,  
336,16.87540454,  ,  ,  
337,17.51071679,  ,  ,  
338,17.51071679,  ,  ,  
339,17.51071679,  ,  ,  
340,17.51071679,  ,  ,  
341,17.51071679,  ,  ,  
342,17.51071679,  ,  ,  
343,17.51071679,  ,  ,  
344,16.36134202,  ,  ,  
345,16.75228581,  ,,  
346,16.96183531,  ,  ,  
347,16.85456832,  ,  ,  
348,16.18526278,  ,  ,  
349,15.4203574,  ,  ,  
350,15.38284407,  ,  ,  
351,15.45755056,  ,  ,  
352,13.85279681,  ,  ,  
353,12.96481771,LOW,  ,  
354,14.71478358,  ,  ,  
355,14.79728916,HIGH,  ,  
356,14.2990377,  ,  ,  
357,14.38150067,  ,  ,  
358,14.62293755,  ,  ,  
359,14.31015543,  ,  ,  
360,14.02127262,  ,  ,  
361,13.97145452,  ,  ,  
362,13.99797455,  ,  ,  
363,13.80639041,  ,  ,  
364,13.7130793,  ,  ,  
365,13.25813531,LOW,  ,  
366,13.63052125,  ,  ,  
367,13.82479484,  ,  ,  
368,13.67833059,  ,  ,  
369,13.61180844,  ,  ,  
370,13.69854733,  ,  ,  
371,13.68171834,  ,  ,  
372,13.99251518,  ,  ,  
373,14.03342538,HIGH,  ,  
374,13.87803232,  ,  ,  
375,13.87822476,  ,  ,  
376,13.49159108,  ,  ,  
377,13.51231639,  ,  ,  
378,13.54028067,  ,  ,  
379,13.3729061,  ,  ,  
380,13.01911385,  ,  ,  
381,12.21415644,  ,  ,  
382,9.286356914,  ,  ,  
383,10.76850375,  ,  ,  
384,9.73015396,  ,  ,  
385,6.964169736,LOW,LOW*,  
386,8.501793292,  ,  ,  
387,7.775337638,  ,  ,  
388,9.802499481,  ,  ,  
389,10.05125313,  ,  ,  
390,9.438412995,  ,  ,  
391,9.452993285,  ,  ,  
392,10.00402474,  ,  ,  
393,10.80682077,  ,  ,  
394,11.13069655,  ,  ,  
395,10.99196557,  ,  ,  
396,10.96396406,  ,  ,  
397,10.85847146,  ,  ,  
398,11.67047304,HIGH,HIGH*,  
399,11.45973174,  ,  ,  
400,11.35448134,  ,  ,  
401,10.92089582,  ,  ,  
402,10.91724505,  ,  ,  
403,10.87044429,  ,  ,  
404,9.546093674,  ,  ,  
405,8.126920163,LOW*,  ,  
406,8.596497607,  ,  ,  
407,9.0308664,HIGH*,  ,  
408,8.961157271,  ,  ,  
409,8.809948738,  ,  ,  
410,8.199151764,  ,  ,  
411,8.234281665,  ,  ,  
412,8.621424438,  ,  ,  
413,8.449653441,  ,  ,  
414,8.203470602,  ,  ,  
415,7.597332525,  ,  ,  
416,6.846530029,  ,  ,  
417,7.162970274,  ,  ,  
418,6.67818,  ,  ,  
419,4.986777042,  ,  ,  
420,4.742846655,LOW,  ,  
421,5.852903973,  ,  ,  
422,6.090629472,  ,  ,  
423,5.802523277,  ,  ,  
424,5.59743261,  ,  ,  
425,4.867755185,  ,  ,  
426,4.831168101,  ,  ,  
427,4.775285635,  ,  ,  
428,5.236732278,  ,  ,  
429,5.520376692,  ,  ,  
430,6.146665552,HIGH,  ,  
431,5.597067498,  ,  ,  
432,5.475048777,  ,  ,  
433,5.56342142,  ,  ,  
434,5.457889687,  ,  ,  
435,5.341154881,  ,  ,  
436,4.873826081,  ,  ,  
437,4.911157793,  ,  ,  
438,4.763415321,LOW*,  ,  
439,4.777660978,  ,  ,  
440,5.14368591,HIGH*,  ,  
441,5.034070545,  ,  ,  
442,5.007062597,  ,  ,  
443,5.02284486,  ,  ,  
444,4.956805621,  ,  ,  
445,4.885067131,  ,  ,  
446,4.730166296,  ,  ,  
447,4.276035757,  ,  ,  
448,3.981252994,  ,  ,  
449,4.111634643,  ,,  
450,4.074962484,  ,  ,  
451,4.008924496,  ,  ,  
452,4.166235342,  ,  ,  
453,4.03698109,  ,  ,  
454,3.986280885,  ,  ,  
455,3.83733856,  ,  ,  
456,3.609741717,  ,  ,  
457,2.581246722,  ,  ,  
458,2.422274738,  ,  ,  
459,2.217254713,LOW,  ,  
460,2.356123508,  ,  ,  
461,2.570092305,  ,  ,  
462,3.155486139,  ,  ,  
463,3.14775093,  ,  ,  
464,2.522935998,  ,  ,  
465,2.801923831,  ,  ,  
466,2.777505239,  ,  ,  
467,3.045407828,  ,  ,  
468,3.179639437,  ,  ,  
469,3.569188969,HIGH,  ,  
470,3.257403723,  ,  ,  
471,3.265098213,  ,  ,  
472,3.171007743,  ,  ,  
473,3.255800567,  ,  ,  
474,3.168316385,  ,  ,  
475,3.120118172,  ,  ,  
476,2.977817598,  ,  ,  
477,2.962720577,  ,  ,  
478,3.017757687,  ,  ,  
479,3.056567111,  ,  ,  
480,2.919567224,  ,  ,  
481,2.856702085,  ,  ,  
482,3.067861733,  ,  ,  
483,3.025522996,  ,  ,  
484,2.986373303,  ,  ,  
485,2.224224464,  ,  ,  
486,2.322384116,  ,  ,  
487,2.546780931,  ,  ,  
488,2.279095836,  ,  ,  
489,2.105066003,LOW,LOW,LOW
490,2.203456722,  ,  ,  
491,2.20198951,  ,  ,  
492,2.279879165,  ,  ,  
493,2.322458596,  ,  ,  
494,2.330323568,  ,  ,  
495,2.438879,  ,  ,  
496,2.496161003,  ,  ,  
497,2.471799969,  ,  ,  
498,2.477564951,  ,  ,  
499,2.541240252,  ,  ,  
500,2.757698483,  ,  ,  
501,2.966041546,  ,  ,  
502,3.08258945,  ,  ,  
503,3.100402333,HIGH*,  ,  
504,2.803856185,LOW*,  ,  
505,2.819693976,  ,  ,  
506,2.874796227,  ,  ,  
507,3.025360451,  ,  ,  
508,2.985502421,  ,  ,  
509,2.991880483,  ,  ,  
510,2.955791952,  ,  ,  
511,3.068975267,  ,  ,  
512,3.249268847,  ,  ,  
513,3.187335357,  ,  ,  
514,3.241088409,  ,  ,  
515,3.155086504,  ,  ,  
516,3.203138541,  ,  ,  
517,3.209137777,  ,  ,  
518,3.192541704,  ,  ,  
519,3.194010809,  ,  ,  
520,3.525773919,  ,  ,  
521,3.952550827,  ,  ,  
522,3.888993251,  ,  ,  
523,3.903060421,  ,  ,  
524,3.937965076,  ,  ,  
525,3.939419119,  ,  ,  
526,4.233866878,HIGH*,  ,  
527,3.999121964,LOW*,  ,  
528,4.095518546,  ,  ,  
529,4.207295876,  ,  ,  
530,4.173352227,  ,  ,  
531,4.31063509,  ,  ,  
532,4.714306331,  ,  ,  
533,5.294842777,  ,  ,  
534,5.204877892,  ,  ,  
535,4.870508829,  ,  ,  
536,5.585706267,  ,  ,  
537,6.874000877,  ,  ,  
538,6.68331664,  ,  ,  
539,6.796227981,  ,  ,  
540,7.096650566,HIGH,HIGH,  
541,6.288538342,LOW*,  ,  
542,6.528474555,  ,  ,  
543,6.889127721,  ,  ,  
544,6.773564196,  ,  ,  
545,6.45436889,  ,  ,  
546,6.761727143,  ,  ,  
547,7.046922558,HIGH*,  ,  
548,6.715607667,  ,  ,  
549,5.59962195,  ,  ,  
550,5.900231288,  ,  ,  
551,6.315706342,  ,  ,  
552,6.501491988,  ,  ,  
553,6.180568326,  ,  ,  
554,6.302967227,  ,  ,  
555,6.374876077,  ,  ,  
556,6.274476476,  ,  ,  
557,5.810465072,  ,  ,  
558,5.367226954,  ,  ,  
559,5.303137197,LOW,  ,  
560,5.659796775,  ,  ,  
561,5.391429457,  ,  ,  
562,5.503481939,  ,  ,  
563,5.538220296,  ,  ,  
564,6.075232652,  ,  ,  
565,6.099572913,HIGH,  ,  
566,5.951610928,  ,  ,  
567,5.895413239,  ,  ,  
568,5.678115717,  ,  ,  
569,5.482664058,  ,  ,  
570,5.6620277,  ,  ,  
571,5.61852819,  ,  ,  
572,5.835699854,  ,  ,  
573,5.937834155,  ,  ,  
574,5.612132853,  ,  ,  
575,5.519097169,  ,  ,  
576,5.348354559,  ,  ,  
577,4.483654092,  ,  ,  
578,4.325520322,  ,  ,  
579,4.255239045,LOW,LOW,  
580,4.391538373,  ,  ,  
581,4.270081278,  ,  ,  
582,4.389551458,  ,  ,  
583,4.365135939,  ,  ,  
584,4.315115602,  ,  ,  
585,4.419310288,  ,  ,  
586,5.039515118,HIGH,  ,  
587,5.025608759,  ,  ,  
588,4.772567381,  ,  ,  
589,4.926420852,  ,  ,  
590,4.952515756,  ,  ,  
591,4.857257776,  ,  ,  
592,4.872748756,  ,  ,  
593,4.922072124,  ,  ,  
594,4.714823587,  ,  ,  
595,4.628193252,LOW,  ,  
596,4.834144482,  ,  ,  
597,4.982392904,  ,  ,  
598,4.987841352,  ,  ,  
599,4.949112885,  ,  ,  
600,4.934979495,  ,  ,  
601,4.872297847,  ,  ,  
602,4.841423805,  ,  ,  
603,4.892028752,  ,  ,  
604,4.910839379,  ,  ,  
605,5.290880279,  ,  ,  
606,5.390543292,HIGH,HIGH,  
607,5.340820899,  ,  ,  
608,5.339574791,  ,  ,  
609,5.236003554,  ,  ,  
610,5.270148985,  ,  ,  
611,4.678672553,  ,  ,  
612,4.830830216,  ,  ,  
613,4.817229525,  ,  ,  
614,4.729608505,  ,  ,  
615,4.691643177,  ,  ,  
616,4.651986266,  ,  ,  
617,4.552270262,LOW,,  
618,4.63272236,  ,  ,  
619,4.811340735,  ,,  
620,4.790589392,  ,  ,  
621,4.794066572,  ,  ,  
622,4.861409357,  ,  ,  
623,4.889776873,  ,  ,  
624,4.793325677,  ,  ,  
625,4.983045479,HIGH,  ,  
626,4.956233193,  ,  ,  
627,4.917842178,  ,  ,  
628,4.920849245,  ,  ,  
629,4.949107432,  ,  ,  
630,4.70971191,LOW,  ,  
631,4.778818849,  ,  ,  
632,4.852547381,  ,  ,  
633,4.841417594,  ,  ,  
634,4.915250717,  ,  ,  
635,4.901158147,  ,  ,  
636,4.934406733,  ,  ,  
637,4.956364661,  ,  ,  
638,4.961600338,  ,  ,  
639,4.950764569,  ,  ,  
640,4.968744508,  ,  ,  
641,5.124377443,  ,  ,  
642,5.130906511,  ,  ,  
643,5.366515968,HIGH,,  
644,5.282550339,  ,  ,  
645,5.195608995,  ,  ,  
646,5.110888192,  ,  ,  
647,5.087867262,  ,  ,  
648,5.148816245,  ,  ,  
649,5.097419286,  ,  ,  
650,5.09588734,  ,  ,  
651,4.970736653,  ,  ,  
652,4.902606178,LOW,LOW,  
653,4.94211681,  ,  ,  
654,4.987137227,  ,  ,  
655,5.053437354,  ,  ,  
656,5.118872979,HIGH,  ,  
657,5.085507088,  ,  ,  
658,5.056639565,  ,  ,  
659,5.047800773,  ,  ,  
660,5.067555867,  ,  ,  
661,5.023466423,  ,  ,  
662,5.041306236,  ,  ,  
663,4.92748872,LOW,  ,  
664,4.963709977,  ,  ,  
665,4.946532235,  ,  ,  
666,4.944795054,  ,  ,  
667,5.011435922,  ,  ,  
668,5.0336404,  ,  ,  
669,5.087784509,  ,  ,  
670,5.089661686,  ,  ,  
671,5.118301483,  ,  ,  
672,5.112545811,  ,  ,  
673,5.094200968,  ,  ,  
674,5.09422131,  ,  ,  
675,5.089139189,  ,  ,  
676,5.1288589,  ,  ,  
677,5.119157759,  ,  ,  
678,5.137276807,HIGH*,  ,  
679,5.103978805,LOW*,  ,  
680,5.134616135,  ,  ,  
681,5.136325419,  ,  ,  
682,5.148470698,  ,  ,  
683,5.138264569,  ,  ,  
684,5.181639721,  ,  ,  
685,5.266943758,  ,  ,  
686,5.24363906,  ,  ,  
687,5.212704985,  ,  ,  
688,5.258765857,  ,  ,  
689,5.426014295,  ,  ,  
690,5.446169422,  ,  ,  
691,5.58716981,  ,  ,  
692,5.622529102,HIGH*,  ,  
693,5.557002335,  ,  ,  
694,5.457893569,LOW*,  ,  
695,5.586996982,  ,  ,  
696,5.727491299,  ,  ,  
697,5.909301324,  ,  ,  
698,5.962023182,  ,  ,  
699,6.523380719,  ,  ,  
700,6.444158282,  ,  ,  
701,6.199966488,  ,  ,  
702,6.310844669,  ,  ,  
703,6.494826716,  ,  ,  
704,6.693551056,HIGH*,  ,  
705,6.672262504,  ,  ,  
706,6.563761698,  ,  ,  
707,6.447541689,  ,  ,  
708,6.350494039,  ,  ,  
709,6.31747363,LOW*,  ,  
710,6.432860829,  ,  ,  
711,6.615713402,  ,  ,  
712,6.590064633,  ,  ,  
713,6.658776757,  ,  ,  
714,6.680427623,  ,  ,  
715,6.626860092,  ,  ,  
716,6.743478051,  ,  ,  
717,6.449992403,  ,  ,  
718,6.514835333,  ,  ,  
719,6.642398604,  ,  ,  
720,6.672181189,  ,  ,  
721,6.808273712,  ,  ,  
722,6.796317688,  ,  ,  
723,7.032395886,  ,  ,  
724,7.178580036,  ,,  
725,7.185147789,  ,  ,  
726,7.55593565,  ,  ,  
727,7.630921256,  ,  ,  
728,7.580129178,  ,  ,  
729,7.62723486,  ,  ,  
730,8.493405677,  ,  ,  
731,8.751984855,  ,  ,  
732,9.095192686,HIGH,  ,  
733,8.879533414,  ,  ,  
734,8.532450679,  ,  ,  
735,8.875645841,  ,  ,  
736,8.506562544,LOW,  ,  
737,8.531211269,  ,  ,  
738,8.574585171,  ,  ,  
739,8.769347273,  ,  ,  
740,8.875765046,  ,  ,  
741,8.891459894,  ,  ,  
742,8.842560894,  ,  ,  
743,8.747680659,  ,  ,  
744,9.088317249,  ,  ,  
745,9.320998402,  ,  ,  
746,9.568020904,  ,  ,  
747,10.5510397,  ,  ,  
748,10.91586475,  ,  ,  
749,10.91971488,  ,  ,  
750,10.80511738,  ,  ,  
751,10.8694465,  ,  ,  
752,10.94127944,  ,  ,  
753,11.0703916,  ,  ,  
754,11.10372474,  ,  ,  
755,11.4475688,  ,  ,  
756,11.54253553,  ,  ,  
757,11.59255239,  ,  ,  
758,11.98496299,  ,  ,  
759,12.18709748,  ,  ,  
760,13.17007735,  ,  ,  
761,13.45079082,HIGH,HIGH,HIGH*
762,12.07700554,  ,  ,  
763,11.57750716,  ,  ,  
764,7.830621842,LOW,LOW,LOW*
765,9.979876649,  ,  ,  
766,9.902982018,  ,  ,  
767,9.772554579,  ,  ,  
768,10.08865743,  ,  ,  
769,10.59404259,  ,  ,  
770,10.58367667,  ,  ,  
771,10.54553074,  ,  ,  
772,10.90038008,  ,  ,  
773,10.93295853,HIGH,  ,  
774,10.8677839,  ,  ,  
775,10.72774884,  ,  ,  
776,10.10240982,  ,  ,  
777,10.00653294,LOW,  ,  
778,10.2261162,  ,  ,  
779,10.49713431,  ,  ,  
780,10.36400189,  ,  ,  
781,11.02552288,  ,  ,  
782,11.16076902,  ,  ,  
783,11.07612234,  ,  ,  
784,11.04327003,  ,  ,  
785,11.06209549,  ,  ,  
786,11.1252888,  ,  ,  
787,11.26809296,  ,  ,  
788,11.31528591,  ,  ,  
789,11.38029929,  ,  ,  
790,11.73010762,  ,  ,  
791,11.71839342,  ,  ,  
792,11.88691122,  ,  ,  
793,11.90831716,  ,  ,  
794,12.25965084,  ,  ,  
795,12.5048541,HIGH*,  ,  
796,12.36717665,  ,  ,  
797,12.33365784,  ,  ,  
798,12.21372763,  ,  ,  
799,12.16546303,  ,  ,  
800,12.11358872,LOW*,  ,  
801,12.18240539,  ,  ,  
802,12.31981686,  ,  ,  
803,12.3187514,  ,  ,  
804,12.38145739,  ,  ,  
805,12.40475151,  ,  ,  
806,12.39162247,  ,  ,  
807,12.38939516,  ,  ,  
808,12.8072381,  ,  ,  
809,12.95543049,HIGH,HIGH,  
810,12.86238578,  ,  ,  
811,12.75221942,  ,  ,  
812,12.50512971,  ,  ,  
813,11.87399709,  ,  ,  
814,11.73332975,  ,  ,  
815,11.82866344,  ,  ,  
816,12.10918848,  ,  ,  
817,12.06755181,  ,  ,  
818,12.02806816,  ,  ,  
819,11.92680383,  ,  ,  
820,11.65057796,LOW,  ,  
821,11.90830953,  ,  ,  
822,11.84801807,  ,  ,  
823,11.91938816,  ,  ,  
824,11.92593284,HIGH,  ,  
825,11.7574858,  ,  ,  
826,11.69437755,  ,  ,  
827,11.65741141,  ,  ,  
828,11.74107791,  ,  ,  
829,11.70778173,  ,  ,  
830,11.63435239,  ,  ,  
831,10.75362982,  ,  ,  
832,10.13061949,LOW,LOW,  
833,10.4581863,  ,  ,  
834,10.70996208,  ,  ,  
835,10.63073898,  ,  ,  
836,10.85932306,  ,  ,  
837,11.14607184,HIGH*,  ,  
838,10.61353575,  ,  ,  
839,10.53050364,  ,  ,  
840,10.65074702,  ,  ,  
841,10.79688289,  ,  ,  
842,10.74082074,  ,  ,  
843,10.8681975,  ,  ,  
844,10.95409894, ,  ,  
845,10.89269937,  ,  ,  
846,10.81586722,LOW*,  ,  
847,10.86326044,  ,  ,  
848,10.84184064,  ,  ,  
849,11.03134246,  ,  ,  
850,10.99800278,  ,  ,  
851,10.95895242,  ,  ,  
852,11.17510986,  ,  ,  
853,11.70504483,  ,  ,  
854,11.7500424,  ,  ,  
855,11.66563103,  ,  ,  
856,11.75052935,  ,  ,  
857,11.69917032,  ,  ,  
858,11.72913518,  ,  ,  
859,12.29199795,  ,  ,  
860,12.28028762,  ,  ,  
861,12.4132044,  ,  ,  
862,12.52968949,HIGH*,  ,  
863,12.18462624,  ,  ,  
864,12.15927538,LOW*,  ,  
865,12.33165983,  ,  ,  
866,12.49766165,  ,  ,  
867,12.58613893,  ,  ,  
868,12.59238687,  ,  ,  
869,12.49794476,  ,  ,  
870,12.65695784,  ,  ,  
871,13.36958958,  ,  ,  
872,13.31275022,  ,  ,  
873,13.47792454,  ,  ,  
874,13.47728245,  ,  ,  
875,13.49998441,  ,  ,  
876,13.34651089,  ,  ,  
877,13.49225658,  ,  ,  
878,13.61541567,  ,  ,  
879,13.66821364,  ,  ,  
880,13.75525152,HIGH,HIGH,  
881,13.60092225,  ,  ,  
882,13.53094829,  ,  ,  
883,13.33286108,  ,  ,  
884,13.32007195,  ,  ,  
885,13.27203387,LOW,LOW,  
886,13.53854318,  ,  ,  
887,13.57002703,HIGH,  ,  
888,13.428968,  ,  ,  
889,13.42721391,  ,  ,  
890,13.31810576,  ,  ,  
891,13.42666267,  ,  ,  
892,13.365567,  ,  ,  
893,13.45469902,  ,  ,  
894,13.39930318,  ,  ,  
895,13.45550722,  ,  ,  
896,13.37400386,  ,  ,  
897,13.4450138,  ,  ,  
898,13.54555244,  ,  ,  
899,13.33137142,  ,  ,  
900,13.28060681,LOW,  ,  
901,13.38408115,  ,  ,  
902,13.45172115,  ,  ,  
903,13.45940677,  ,  ,  
904,13.50449651,  ,  ,  
905,13.55606166,  ,  ,  
906,13.78035063,  ,  ,  
907,13.82095526,  ,  ,  
908,14.12317286,  ,  ,  
909,14.22762112,  ,  ,  
910,14.21428566,  ,  ,  
911,14.16078827,  ,  ,  
912,14.31797032,  ,  ,  
913,14.31363775,  ,  ,  
914,14.70781405,  ,  ,  
915,15.59859974,  ,  ,  
916,15.71579112,  ,  ,  
917,15.5881264,  ,  ,  
918,15.71959214,  ,  ,  
919,16.78101952,  ,  ,  
920,17.30017884,  ,  ,  
921,17.53639542,  ,  ,  
922,16.90108607,  ,  ,  
923,17.40720203,  ,  ,  
924,17.55362918,  ,  ,  
925,17.86462801,  ,  ,  
926,18.79426487,  ,  ,  
927,19.51471419,  ,  ,  
928,19.73744669,  ,  ,  
929,20.51164303,HIGH*,  ,  
930,20.44309196,  ,  ,  
931,19.63590171,LOW*,  ,  
932,20.57893968,  ,  ,  
933,20.44048796,  ,  ,  
934,20.65934473,  ,  ,  
935,21.20856553,  ,  ,  
936,22.11776518,  ,  ,  
937,22.78736505,  ,  ,  
938,23.73386015,  ,  ,  
939,23.90028936,  ,  ,  
940,24.49727269,  ,  ,  
941,24.97973641,  ,  ,  
942,24.64165093,  ,  ,  
943,27.28238982,  ,  ,  
944,27.17126923,  ,  ,  
945,27.34616356,  ,  ,  
946,26.92725138,  ,  ,  
947,26.92886764,  ,  ,  
948,29.41362438,  ,  ,  
949,29.81980723,  ,  ,  
950,29.81806892,  ,  ,  
951,30.47265653,  ,  ,  
952,29.80645455,  ,  ,  
953,29.88284849,  ,  ,  
954,30.35203309,  ,  ,  
955,31.15553735,  ,  ,  
956,31.24026108,  ,  ,  
957,33.37529394,  ,  ,  
958,34.60625703,  ,  ,  
959,34.14351592,  ,  ,  
960,34.45174048,  ,  ,  
961,36.37626525,  ,  ,  
962,40.67295399,  ,  ,  
963,43.28499619,  ,  ,  
964,41.94744072,  ,  ,  
965,43.90292891,  ,  ,  
966,46.88858661,  ,  ,  
967,46.06603846,  ,  ,  
968,48.27507458,HIGH*,  ,  
969,44.41354526,LOW*,  ,  
970,47.01619085,  ,  ,  
971,46.92556255,  ,  ,  
972,46.90251725,  ,  ,  
973,47.1570157,  ,  ,  
974,47.33349978,  ,  ,  
975,51.36543639,  ,  ,  
976,59.49860111,  ,  ,  
977,63.6874855,  ,  ,  
978,70.91752501,HIGH*,  ,  
979,69.84608454,  ,  ,  
980,64.38311637,LOW*,  ,  
981,71.69042421,  ,  ,  
982,74.31408925,  ,  ,  
983,78.61419743,  ,  ,  
984,88.85207991,  ,  ,  
985,87.67317396,  ,  ,  
986,90.29569936,  ,  ,  
987,92.18995999,  ,  ,  
988,93.89923842,  ,  ,  
989,103.5803469,  ,  ,  
990,116.6799442,  ,  ,  
991,131.3848094,  ,  ,  
992,133.0071205,  ,  ,  
993,142.6260655,  ,  ,  
994,143.081823,  ,  ,  
995,162.8522146,  ,  ,  
996,186.3511618,  ,  ,  
997,230.6829967,HIGH,HIGH,HIGH
998,161.1928897,  ,  ,  
999,82.90158504,  ,  ,  
1000,111.4763732,  ,  ,  
1001,97.60907187,  ,  ,  
1002,88.8614914,  ,  ,  
1003,80.87469317,  ,  ,  
1004,68.28313873,LOW,LOW,  
1005,92.86403691,  ,  ,  
1006,108.6283451,  ,  ,  
1007,119.0122832,  ,  ,  
1008,128.2082889,  ,  ,  
1009,118.4832438,  ,  ,  
1010,126.3142718,  ,  ,  
1011,142.1272181,  ,  ,  
1012,154.1332778,HIGH,HIGH,  
1013,141.0086593,  ,  ,  
1014,137.2096004,  ,  ,  
1015,128.2266696,  ,  ,  
1016,134.6235696,  ,  ,  
1017,143.8103782,  ,  ,  
1018,139.1296475,  ,  ,  
1019,116.113801,  ,  ,  
1020,106.3409847,  ,  ,  
1021,96.31684027,LOW,  ,  
1022,112.4976364,  ,  ,  
1023,116.4887158,  ,  ,  
1024,112.1185962,  ,  ,  
1025,111.6092129,  ,  ,  
1026,113.1360619,  ,  ,  
1027,111.9745327,  ,  ,  
1028,117.6910369,HIGH*,  ,  
1029,115.4997777,  ,  ,  
1030,114.8856756,  ,  ,  
1031,117.4044566, ,  ,  
1032,107.8655666,LOW*,  ,  
1033,108.9868524,  ,  ,  
1034,112.9178741,  ,  ,  
1035,117.284616,  ,  ,  
1036,118.1698767,  ,  ,  
1037,117.0338802,  ,  ,  
1038,117.8186365,  ,  ,  
1039,117.2520409,  ,  ,  
1040,118.9781736,  ,  ,  
1041,123.726156,  ,  ,  
1042,128.9710807,  ,  ,  
1043,128.8449153,  ,  ,  
1044,130.1586011,HIGH,  ,  
1045,126.3929059,  ,  ,  
1046,125.9045953,  ,  ,  
1047,129.5648124,  ,  ,  
1048,126.5130684,  ,  ,  
1049,127.8164889,  ,  ,  
1050,128.7911511,  ,  ,  
1051,122.6267089,  ,  ,  
1052,122.9491879,  ,  ,  
1053,120.1899687,  ,  ,  
1054,120.8699238,  ,  ,  
1055,119.0539757,  ,  ,  
1056,110.1977314,  ,  ,  
1057,109.1785453,  ,  ,  
1058,99.90360345,LOW*,  ,  
1059,104.3575666,  ,  ,  
1060,107.5075205,HIGH*,  ,  
1061,106.3781163,  ,  ,  
1062,101.3238977,  ,  ,  
1063,99.2132443,  ,  ,  
1064,99.87503741,  ,  ,  
1065,99.03835126,  ,  ,  
1066,100.1263051,  ,  ,  
1067,104.2891764,  ,  ,  
1068,104.4171508,  ,  ,  
1069,104.3234997,  ,  ,  
1070,101.4168574,  ,  ,  
1071,100.0395085,  ,  ,  
1072,100.3147446,  ,  ,  
1073,99.04568323,  ,  ,  
1074,97.83278872,  ,  ,  
1075,98.65170076,  ,  ,  
1076,96.8039496,  ,  ,  
1077,89.42450672,  ,  ,  
1078,88.79729106,  ,  ,  
1079,89.48090766,  ,  ,  
1080,82.86757013,  ,  ,  
1081,87.81646669,  ,  ,  
1082,77.6913308,  ,  ,  
1083,79.13487084,  ,  ,  
1084,67.44762385,  ,  ,  
1085,66.34168089,LOW,LOW,LOW
1086,72.10952237,  ,  ,  
1087,73.98855377,  ,  ,  
1088,74.89191087,  ,  ,  
1089,85.01367914,  ,  ,  
1090,87.49754939,  ,  ,  
1091,90.04669871,  ,  ,  
1092,91.5925979,  ,  ,  
1093,89.89226928,  ,  ,  
1094,93.79615254,HIGH,  ,  
1095,91.78103565,  ,  ,  
1096,91.03135126,  ,  ,  
1097,84.96172912,  ,  ,  
1098,86.2387946,  ,  ,  
1099,84.91085915,LOW,  ,  
1100,85.66435026,  ,  ,  
1101,85.64902864,  ,  ,  
1102,86.97705669,  ,  ,  
1103,88.15173057,  ,  ,  
1104,90.16609223,  ,  ,  
1105,89.98398597,  ,  ,  
1106,88.16527586,  ,  ,  
1107,92.7458422,  ,  ,  
1108,93.29869725,  ,  ,  
1109,96.65955289,  ,  ,  
1110,98.02441993,HIGH,  ,  
1111,96.56801783,  ,  ,  
1112,96.07453068,  ,  ,  
1113,95.50670953,  ,  ,  
1114,96.36548217,  ,  ,  
1115,97.52713384,  ,  ,  
1116,97.6712066,  ,  ,  
1117,97.0542069,  ,  ,  
1118,94.25727177,  ,  ,  
1119,92.47277674,LOW,  ,  
1120,93.29355289,  ,  ,  
1121,94.27131239,  ,  ,  
1122,95.44647078,  ,  ,  
1123,97.75907508,  ,  ,  
1124,99.12128755,  ,  ,  
1125,98.10633314,  ,  ,  
1126,98.29096026,  ,  ,  
1127,99.63050438,  ,  ,  
1128,99.17803974,  ,  ,  
1129,102.7840123,  ,  ,  
1130,104.500211,  ,  ,  
1131,110.8016037,  ,  ,  
1132,109.5232168,  ,  ,  
1133,107.6975716,  ,  ,  
1134,108.882675,  ,  ,  
1135,113.0825634,  ,  ,  
1136,112.1181148,  ,  ,  
1137,117.7597908,  ,  ,  
1138,118.3174144,  ,  ,  
1139,118.8356382,  ,  ,  
1140,124.8853796,  ,  ,  
1141,128.377979,  ,  ,  
1142,130.536372,HIGH,HIGH,  
1143,129.5653717,  ,  ,  
1144,129.1828036,  ,  ,  
1145,122.5292387,  ,  ,  
1146,122.370085,  ,  ,  
1147,117.8611464,LOW,  ,  
1148,119.8149895,  ,  ,  
1149,118.0573863,  ,  ,  
1150,121.2592726,  ,  ,  
1151,122.2155302,  ,  ,  
1152,127.0882271,  ,  ,  
1153,126.7807236,  ,  ,  
1154,127.4077452,  ,  ,  
1155,124.3484775,  ,  ,  
1156,125.0764179,  ,  ,  
1157,126.204666,  ,  ,  
1158,126.8972501,  ,  ,  
1159,126.9038194,  ,  ,  
1160,124.1809573,  ,  ,  
1161,122.9216359,  ,  ,  
1162,123.5082569,  ,  ,  
1163,123.1249351,  ,  ,  
1164,122.865699,  ,  ,  
1165,123.7973577,  ,  ,  
1166,123.6140786,  ,  ,  
1167,124.6856745,  ,  ,  
1168,126.6053477,  ,  ,  
1169,126.7965517,  ,  ,  
1170,127.1086277,  ,  ,  
1171,126.0902618,  ,  ,  
1172,127.5754243,HIGH,  ,  
1173,104.1050929,LOW,LOW,  
1174,117.575495,  ,  ,  
1175,121.9303477,  ,  ,  
1176,121.3934027,  ,  ,  
1177,122.4752613,  ,  ,  
1178,123.9068726,  ,  ,  
1179,124.7665289,  ,  ,  
1180,125.9335203,  ,  ,  
1181,126.7046505,  ,  ,  
1182,127.2552992,  ,  ,  
1183,127.851263,  ,  ,  
1184,132.4156587,  ,  ,  
1185,135.3391949,  ,  ,  
1186,141.4939085,  ,  ,  
1187,138.3279219,  ,  ,  
1188,143.7471338,  ,  ,  
1189,152.7755722,  ,  ,  
1190,165.7727171,  ,  ,  
1191,166.5001511,  ,  ,  
1192,179.9106286,  ,  ,  
1193,190.4027814,  ,  ,  
1194,204.600351,HIGH*,  ,  
1195,194.4100438,  ,  ,  
1196,185.6437876,  ,  ,  
1197,179.808218,LOW*,  ,  
1198,194.5461333,  ,  ,  
1199,196.2746873,  ,  ,  
1200,204.4281742,  ,  ,  
1201,197.9005994,  ,  ,  
1202,203.2836499,  ,  ,  
1203,203.0371098,  ,  ,  
1204,204.7928814,  ,  ,  
1205,210.2753826,  ,  ,  
1206,228.7910389,  ,  ,  
1207,243.6416689,  ,  ,  
1208,263.209584,  ,  ,  
1209,290.1242262,  ,  ,  
1210,333.7506565,  ,  ,  
1211,331.0511485,  ,  ,  
1212,327.5586535,  ,  ,  
1213,342.6976929,  ,  ,  
1214,354.6454883,  ,  ,  
1215,394.5044952,  ,  ,  
1216,416.7063033,  ,  ,  
1217,408.3987973,  ,  ,  
1218,435.7984428,  ,  ,  
1219,485.3365769,  ,  ,  
1220,657.7785039,HIGH*,  ,  
1221,546.8783973,LOW*,  ,  
1222,595.3390996,  ,  ,  
1223,720.7644253,  ,  ,  
1224,802.9169337,  ,  ,  
1225,834.29534,  ,  ,  
1226,807.1666955,  ,  ,  
1227,816.2433866,  ,  ,  
1228,916.0971601,  ,  ,  
1229,962.9105609,  ,  ,  
1230,1007.387164,  ,  ,  
1231,1128.725488,  ,  ,  
1232,1119.296715,  ,  ,  
1233,964.4857937,  ,  ,  
1234,1040.808218,  ,  ,  
1235,1053.621027,  ,  ,  
1236,1134.932231,HIGH,HIGH,HIGH
1237,1027.411773,  ,  ,  
1238,824.5817103,  ,  ,  
1239,703.748376,  ,  ,  
1240,783.5733483,  ,  ,  
1241,896.0792899,  ,  ,  
1242,977.1653673,  ,  ,  
1243,875.4640343,  ,  ,  
1244,873.324806,  ,  ,  
1245,879.1561353,  ,  ,  
1246,852.8561205,  ,  ,  
1247,864.0616579,  ,  ,  
1248,677.8941068,  ,  ,  
1249,682.6267727,  ,  ,  
1250,526.1209763,LOW,LOW,  
1251,685.525129,  ,  ,  
1252,600.2169543,  ,  ,  
1253,597.0335025,  ,  ,  
1254,615.0130353,  ,  ,  
1255,657.9266342,  ,  ,  
1256,650.6647452,  ,  ,  
1257,678.2901581,  ,  ,  
1258,749.996595,  ,  ,  
1259,722.5705675,  ,  ,  
1260,715.8523631,  ,  ,  
1261,727.2712157,  ,  ,  
1262,735.7419971,  ,  ,  
1263,729.5575829,  ,  ,  
1264,752.4045499,  ,  ,  
1265,784.9549213,  ,  ,  
1266,807.222939,  ,  ,  
1267,828.6020626,  ,  ,  
1268,902.4873803,  ,  ,  
1269,914.4599608,HIGH,HIGH,  
1270,803.3517962,LOW*,  ,  
1271,820.6900095,  ,  ,  
1272,831.3347505,  ,  ,  
1273,853.2988548,  ,  ,  
1274,889.5558371,HIGH*,  ,  
1275,845.1913322,  ,  ,  
1276,822.8770122,  ,  ,  
1277,815.2936027,  ,  ,  
1278,841.0898574,  ,  ,  
1279,815.8548003,  ,  ,  
1280,792.8295065,  ,  ,  
1281,809.7835284,  ,  ,  
1282,838.4284747,  ,  ,  
1283,828.8852166,  ,  ,  
1284,823.8179638,  ,  ,  
1285,818.9763863,  ,  ,  
1286,810.9224252,  ,  ,  
1287,781.042514,  ,  ,  
1288,804.4032408,  ,  ,  
1289,814.4993814,  ,  ,  
1290,742.701375,LOW,  ,  
1291,790.1764019,  ,  ,  
1292,793.3844249,  ,  ,  
1293,799.4744798,  ,  ,  
1294,803.2375988,  ,  ,  
1295,813.2195492,  ,  ,  
1296,814.4908704,HIGH,  ,  
1297,806.9974284,  ,  ,  
1298,800.0782319,  ,  ,  
1299,784.4736928,  ,  ,  
1300,763.5693822,  ,  ,  
1301,711.5712734,  ,  ,  
1302,677.6823009,  ,  ,  
1303,687.4060546,  ,  ,  
1304,685.4574988,  ,  ,  
1305,671.8996917,  ,  ,  
1306,653.7657809,  ,  ,  
1307,612.918415,  ,  ,  
1308,668.7886027,  ,  ,  
1309,654.3770602,  ,  ,  
1310,623.2503219,  ,  ,  
1311,631.3345963,  ,  ,  
1312,627.2717614,  ,  ,  
1313,623.5401369,  ,  ,  
1314,563.7685611,  ,  ,  
1315,580.324316,  ,  ,  
1316,607.1246333,  ,  ,  
1317,610.0823237,  ,  ,  
1318,542.2666508,  ,  ,  
1319,533.7076444,LOW,LOW,  
1320,587.5785883,  ,  ,  
1321,585.3939257,  ,  ,  
1322,551.2947703,  ,  ,  
1323,567.5342354,  ,  ,  
1324,558.5277072,  ,  ,  
1325,676.5057328,HIGH,HIGH,  
1326,674.5113994,  ,  ,  
1327,670.3388511,  ,  ,  
1328,667.712834,  ,  ,  
1329,631.7702952,  ,  ,  
1330,621.5241145,  ,  ,  
1331,640.5788893,  ,  ,  
1332,628.1512412,  ,  ,  
1333,633.7338382,  ,  ,  
1334,634.6468237,  ,  ,  
1335,643.4321009,  ,  ,  
1336,628.30859,  ,  ,  
1337,636.2186501,  ,  ,  
1338,634.168901,  ,  ,  
1339,622.7602086,  ,  ,  
1340,614.3095137,  ,  ,  
1341,610.5112035,  ,  ,  
1342,586.6075957,  ,  ,  
1343,569.694518,  ,  ,  
1344,564.7000267,  ,  ,  
1345,558.9588617,LOW*,  ,  
1346,585.0232505,HIGH*,  ,  
1347,583.7711891,  ,  ,  
1348,579.2438504,  ,  ,  
1349,483.1640126,  ,  ,  
1350,498.6613289,  ,  ,  
1351,489.5170235,  ,  ,  
1352,458.9663283,  ,  ,  
1353,455.3553541,  ,  ,  
1354,479.0084659,  ,  ,  
1355,439.0114925,  ,  ,  
1356,449.4411515,  ,  ,  
1357,449.7198697,  ,  ,  
1358,461.6753315,  ,  ,  
1359,458.6334805,  ,  ,  
1360,448.6552751,  ,  ,  
1361,452.8030988,  ,  ,  
1362,442.8379849,  ,  ,  
1363,366.9118661,LOW,LOW,LOW
1364,421.9435281,  ,  ,  
1365,424.2742126,  ,  ,  
1366,416.3623217,  ,  ,  
1367,461.1082466,  ,  ,  
1368,521.6152996,  ,  ,  
1369,531.4818467,HIGH,  ,  
1370,499.8375515,  ,  ,  
1371,483.0200135,  ,  ,  
1372,504.3655952,  ,  ,  
1373,501.5571844,  ,  ,  
1374,498.0845303,  ,  ,  
1375,489.50351,  ,  ,  
1376,490.6329675,  ,  ,  
1377,503.291801,  ,  ,  
1378,466.4261713,  ,  ,  
1379,459.2267098,  ,  ,  
1380,438.7093637,  ,  ,  
1381,441.5478055,  ,  ,  
1382,447.7099308,  ,  ,  
1383,448.8757155,  ,  ,  
1384,460.1946983,  ,  ,  
1385,452.2397798,  ,  ,  
1386,438.978588,  ,  ,  
1387,436.6753986,  ,  ,  
1388,432.338179,  ,  ,  
1389,430.1282054,LOW,  ,  
1390,442.1828761,  ,  ,  
1391,440.4027627,  ,  ,  
1392,452.6979997,  ,  ,  
1393,456.7558463,  ,  ,  
1394,439.114476,  ,  ,  
1395,441.2809556,  ,  ,  
1396,439.005775,  ,  ,  
1397,444.8482057,  ,  ,  
1398,446.9615587,  ,  ,  
1399,448.7421537,  ,  ,  
1400,449.2222893,  ,  ,  
1401,446.9626414,  ,  ,  
1402,447.4048568,  ,  ,  
1403,490.3356482,  ,  ,  
1404,493.9334918,  ,  ,  
1405,526.8142884,  ,  ,  
1406,523.6993203,  ,  ,  
1407,527.6912431,  ,  ,  
1408,573.3124588,  ,  ,  
1409,584.8479749,  ,  ,  
1410,573.9282692,  ,  ,  
1411,579.1893188,  ,  ,  
1412,570.3493109,  ,  ,  
1413,620.8463606,  ,  ,  
1414,627.8924207,  ,  ,  
1415,630.0749535,  ,  ,  
1416,663.5057238,  ,  ,  
1417,672.3878971,HIGH,HIGH,HIGH
1418,643.8873688,LOW*,  ,  
1419,661.5035582,HIGH*,  ,  
1420,650.1333159,  ,  ,  
1421,656.8002718,  ,  ,  
1422,657.8199749,  ,  ,  
1423,648.3363223,  ,  ,  
1424,650.9366096,  ,  ,  
1425,631.4890222,  ,  ,  
1426,591.9750771,  ,  ,  
1427,597.0449997,  ,  ,  
1428,575.5594617,  ,  ,  
1429,589.7246464,  ,  ,  
1430,590.5674822,  ,  ,  
1431,609.0800029,  ,  ,  
1432,607.629796,  ,  ,  
1433,595.7514769,  ,  ,  
1434,591.5315228,  ,  ,  
1435,592.7643495,  ,  ,  
1436,599.6346335,  ,  ,  
1437,589.5522998,  ,  ,  
1438,579.9737186,  ,  ,  
1439,562.23678,LOW,LOW,  
1440,580.7492303,  ,  ,  
1441,600.6383054,  ,  ,  
1442,594.3903042,  ,  ,  
1443,600.8405184,  ,  ,  
1444,638.946114,  ,  ,  
1445,642.9565967,  ,  ,  
1446,651.2983477,HIGH,HIGH,  
1447,646.4133891,  ,  ,  
1448,630.6355029,  ,  ,  
1449,630.4683419,  ,  ,  
1450,634.6726745,  ,  ,  
1451,622.854979,  ,  ,  
1452,624.8943311,  ,  ,  
1453,621.9390918,  ,  ,  
1454,616.5228498,  ,  ,  
1455,634.4943781,  ,  ,  
1456,636.9239579,  ,  ,  
1457,629.8757504,  ,  ,  
1458,619.1974591,  ,  ,  
1459,621.9346014,  ,  ,  
1460,616.3518822,LOW,  ,  
1461,624.259275,  ,  ,  
1462,630.7501403,HIGH,  ,  
1463,629.1733644,  ,  ,  
1464,625.2486762,  ,  ,  
1465,621.3053314,  ,  ,  
1466,619.8232645,  ,  ,  
1467,619.7728168,  ,  ,  
1468,602.8796455,  ,  ,  
1469,601.5785143,  ,  ,  
1470,594.7026072,  ,  ,  
1471,591.5754442,  ,  ,  
1472,587.493005,  ,  ,  
1473,584.1123933,  ,  ,  
1474,562.9146251,LOW,  ,  
1475,581.975562,  ,  ,  
1476,596.5067592,HIGH,  ,  
1477,589.7572615,  ,  ,  
1478,586.7537367,  ,  ,  
1479,587.6083355,  ,  ,  
1480,581.8819886,  ,  ,  
1481,582.2483714,  ,  ,  
1482,586.0466335,  ,  ,  
1483,589.0244126,  ,  ,  
1484,588.9785213,  ,  ,  
1485,589.373502,  ,  ,  
1486,573.4414839,  ,  ,  
1487,568.3075202,  ,  ,  
1488,548.3701753,  ,  ,  
1489,505.1074997,  ,  ,  
1490,500.3230601,  ,  ,  
1491,521.7479629,  ,  ,  
1492,497.764659,  ,  ,  
1493,468.9579182,LOW,  ,  
1494,486.7943507,  ,  ,  
1495,515.1203539,  ,  ,  
1496,519.3078521,HIGH,  ,  
1497,516.1593688,  ,  ,  
1498,497.1257595,  ,  ,  
1499,508.430742,  ,  ,  
1500,501.6102867,  ,  ,  
1501,511.8523217,  ,  ,  
1502,510.1623238,  ,  ,  
1503,506.2851517,  ,  ,  
1504,508.8665719,  ,  ,  
1505,501.2757233,  ,  ,  
1506,478.5114255,  ,  ,  
1507,474.5414898,  ,  ,  
1508,474.4306707,  ,  ,  
1509,473.9592034,  ,  ,  
1510,489.5552013,  ,  ,  
1511,478.7497829,  ,  ,  
1512,480.6424918,  ,  ,  
1513,478.3655009,  ,  ,  
1514,468.9754959,LOW,  ,  
1515,473.5120272,  ,  ,  
1516,477.7784176,  ,  ,  
1517,477.2706821,  ,  ,  
1518,473.9972823,  ,  ,  
1519,477.960974,HIGH,  ,  
1520,475.648064,  ,  ,  
1521,472.6556297,  ,  ,  
1522,464.1777545,  ,  ,  
1523,456.3398913,  ,  ,  
1524,426.880107,  ,  ,  
1525,393.8938907,  ,  ,  
1526,411.0413428,  ,  ,  
1527,400.4045307,  ,  ,  
1528,400.8816222,  ,  ,  
1529,438.491801,  ,  ,  
1530,423.7000918,  ,  ,  
1531,409.5377499,  ,  ,  
1532,405.2982519,  ,  ,  
1533,400.5993346,  ,  ,  
1534,375.5499898,  ,  ,  
1535,373.0645579,  ,  ,  
1536,389.2640404,  ,  ,  
1537,382.9093659,  ,  ,  
1538,372.525699,  ,  ,  
1539,357.6657136,  ,  ,  
1540,328.8261131,  ,  ,  
1541,322.8262615,LOW,LOW,  
1542,326.8035327,  ,  ,  
1543,333.5701949,  ,  ,  
1544,354.4073343,  ,  ,  
1545,361.7164249,  ,  ,  
1546,358.8903908,  ,  ,  
1547,361.908377,  ,  ,  
1548,377.8712437,  ,  ,  
1549,391.9942089,  ,  ,  
1550,400.8805921,HIGH,  ,  
1551,394.6258799,  ,  ,  
1552,382.3214763,  ,  ,  
1553,382.2007896,  ,  ,  
1554,391.2931771,  ,  ,  
1555,388.684498,  ,  ,  
1556,381.1908586,  ,  ,  
1557,385.2046335,  ,  ,  
1558,380.7787633,  ,  ,  
1559,357.3447931,  ,  ,  
1560,357.488434,  ,  ,  
1561,345.8112466,  ,  ,  
1562,353.0819562,  ,  ,  
1563,350.0157119,  ,  ,  
1564,354.6538051,  ,  ,  
1565,333.5993501,  ,  ,  
1566,344.6093822,  ,  ,  
1567,337.1829126,  ,  ,  
1568,324.371315,  ,  ,  
1569,324.2485666,LOW,  ,  
1570,325.3618656,  ,  ,  
1571,329.657704,  ,  ,  
1572,338.8057653,  ,  ,  
1573,349.6899117,  ,  ,  
1574,342.1332881,  ,  ,  
1575,345.7163326,  ,  ,  
1576,363.6100517,  ,  ,  
1577,365.5022539,  ,  ,  
1578,367.825467,  ,  ,  
1579,422.5914196,HIGH,HIGH,  
1580,421.9144717,  ,  ,  
1581,398.3888828,  ,  ,  
1582,377.9938407,  ,  ,  
1583,390.2058235,  ,  ,  
1584,387.5010316,  ,  ,  
1585,373.8645646,  ,  ,  
1586,377.613398,  ,  ,  
1587,356.1812653,  ,  ,  
1588,350.7488589,LOW,  ,  
1589,352.4555146,  ,  ,  
1590,367.7732423,  ,  ,  
1591,376.9942238,  ,  ,  
1592,376.75563,  ,  ,  
1593,367.5302081,  ,  ,  
1594,369.5302274,  ,  ,  
1595,377.8969319,  ,  ,  
1596,376.0763355,  ,  ,  
1597,378.6903971,  ,  ,  
1598,379.111979,  ,  ,  
1599,382.9467963,HIGH,  ,  
1600,375.9160193,  ,  ,  
1601,368.8455681,  ,  ,  
1602,378.4283296,  ,  ,  
1603,375.1379512,  ,  ,  
1604,376.6397931,  ,  ,  
1605,363.2156768,  ,  ,  
1606,351.1068378,  ,  ,  
1607,347.8813939,  ,  ,  
1608,348.5930061,  ,  ,  
1609,353.1906125,  ,  ,  
1610,349.2429451,  ,  ,  
1611,356.0797215,  ,  ,  
1612,347.0951815,  ,  ,  
1613,328.6133203,  ,  ,  
1614,320.2976134,  ,  ,  
1615,313.5116512,LOW*,  ,  
1616,318.2428887,  ,  ,  
1617,330.0657583,  ,  ,  
1618,320.9926701,  ,  ,  
1619,331.8425845,  ,  ,  
1620,336.0841286,HIGH*,  ,  
1621,323.0322978,  ,  ,  
1622,318.9961444,  ,  ,  
1623,329.2103419,  ,  ,  
1624,315.9684439,  ,  ,  
1625,317.0104804,  ,  ,  
1626,313.0655316,  ,  ,  
1627,310.4420041,  ,  ,  
1628,320.6622873,  ,  ,  
1629,314.7764719,  ,  ,  
1630,315.9427317,  ,  ,  
1631,285.6473098,  ,  ,  
1632,263.3345748,  ,  ,  
1633,275.0038515,  ,  ,  
1634,287.549521,  ,  ,  
1635,297.5355652,  ,  ,  
1636,284.3423919,  ,  ,  
1637,292.5011146,  ,  ,  
1638,276.2305321,  ,  ,  
1639,268.7555155,  ,  ,  
1640,268.617232,  ,  ,  
1641,224.1081178,  ,  ,  
1642,175.6376406,LOW,LOW,LOW
1643,212.3410114,  ,  ,  
1644,207.5952049,  ,  ,  
1645,199.8248366,  ,  ,  
1646,211.1325184,  ,  ,  
1647,216.8946949,  ,  ,  
1648,211.9198539,  ,  ,  
1649,227.9042104,  ,  ,  
1650,233.6473828,  ,  ,  
1651,233.1328524,  ,  ,  
1652,249.0821239,  ,  ,  
1653,254.5179413,  ,  ,  
1654,273.9522449,HIGH,  ,  
1655,264.7538045,  ,  ,  
1656,235.7358404,  ,  ,  
1657,233.9573735,  ,  ,  
1658,228.8961899,  ,  ,  
1659,217.332156,  ,  ,  
1660,227.1113013,  ,  ,  
1661,240.0924199,  ,  ,  
1662,227.7756958,  ,  ,  
1663,226.7811341,  ,  ,  
1664,217.0111511,LOW,  ,  
1665,222.7249693,  ,  ,  
1666,228.6471274,  ,  ,  
1667,224.0359889,  ,  ,  
1668,220.7684939,  ,  ,  
1669,220.8881543,  ,  ,  
1670,219.4958597,  ,  ,  
1671,222.5832279,  ,  ,  
1672,236.5553638,  ,  ,  
1673,257.6276958,HIGH,  ,  
1674,234.445803,LOW,  ,  
1675,235.0861268,  ,  ,  
1676,243.9057943,  ,  ,  
1677,235.9952323,  ,  ,  
1678,241.8722539,  ,  ,  
1679,245.5307753,  ,  ,  
1680,245.5960026,  ,  ,  
1681,236.6906683,  ,  ,  
1682,239.0660178,  ,  ,  
1683,239.8692621,  ,  ,  
1684,238.236111,  ,  ,  
1685,237.0444024,  ,  ,  
1686,255.1167744,  ,  ,  
1687,254.9484486,  ,  ,  
1688,260.6513308,  ,  ,  
1689,276.3226137,  ,  ,  
1690,282.7059009,HIGH*,  ,  
1691,273.4475365,  ,  ,  
1692,276.2688092,  ,  ,  
1693,273.3181148,LOW*,  ,  
1694,276.4033574,  ,  ,  
1695,275.3380339,  ,  ,  
1696,290.130059,  ,  ,  
1697,292.3203831,  ,  ,  
1698,296.6933293,HIGH,HIGH,  
1699,295.8003448,  ,  ,  
1700,285.9110263,  ,  ,  
1701,283.6083063,  ,  ,  
1702,287.270142,  ,  ,  
1703,291.3921181,  ,  ,  
1704,285.2483966,  ,  ,  
1705,257.2861601,  ,  ,  
1706,262.092948,  ,  ,  
1707,262.9664921,  ,  ,  
1708,261.1842975,  ,  ,  
1709,268.8994158,  ,  ,  
1710,266.777993,  ,  ,  
1711,246.835083,  ,  ,  
1712,246.7191368,  ,  ,  
1713,249.5329936,  ,  ,  
1714,247.3788983,  ,  ,  
1715,253.231614,  ,  ,  
1716,242.9676143,LOW,  ,  
1717,248.3369345,  ,  ,  
1718,244.7124857,  ,  ,  
1719,247.1858194,  ,  ,  
1720,253.6300704,  ,  ,  
1721,254.8331636,  ,  ,  
1722,253.9458486,  ,  ,  
1723,261.1121362,HIGH,  ,  
1724,256.3673869,  ,  ,  
1725,254.831898,  ,  ,  
1726,245.8252104,  ,  ,  
1727,243.8606362,  ,  ,  
1728,235.8719006,  ,  ,  
1729,237.4090678,  ,  ,  
1730,237.1410424,  ,  ,  
1731,225.5056359,  ,  ,  
1732,219.7572367,LOW,LOW,  
1733,223.3139079,  ,  ,  
1734,228.4938153,  ,  ,  
1735,222.7850602,  ,  ,  
1736,223.3980441,  ,  ,  
1737,223.2841353,  ,  ,  
1738,224.8949036,  ,  ,  
1739,234.9393565,  ,  ,  
1740,233.8224188,  ,  ,  
1741,235.9332937,HIGH*,  ,  
1742,231.4585923, ,  ,  
1743,226.445993,  ,  ,  
1744,220.5034068,LOW*,  ,  
1745,227.3259904,  ,  ,  
1746,225.5493688,  ,  ,  
1747,225.6692884,  ,  ,  
1748,236.327976,  ,  ,  
1749,232.7465827,  ,  ,  
1750,235.5400771,  ,  ,  
1751,240.464249,  ,  ,  
1752,238.9766613,  ,  ,  
1753,236.0233834,  ,  ,  
1754,229.4812193,  ,  ,  
1755,237.1306873,  ,  ,  
1756,244.3834728,HIGH,HIGH,  
1757,242.70595,  ,  ,  
1758,240.7314839,  ,  ,  
1759,242.2498372,  ,  ,  
1760,242.2090921,  ,  ,  
1761,236.5502659,  ,  ,  
1762,236.9489167,  ,  ,  
1763,237.4845023,  ,  ,  
1764,235.8121344,  ,  ,  
1765,236.9636829,  ,  ,  
1766,232.8838496,  ,  ,  
1767,231.9744468,LOW,  ,  
1768,234.1903063,  ,  ,  
1769,235.5538217,  ,  ,  
1770,240.3232037,  ,  ,  
1771,238.9632817,  ,  ,  
1772,240.7117583,HIGH,  ,  
1773,237.0035432,  ,  ,  
1774,236.7962613,  ,  ,  
1775,237.2035964,  ,  ,  
1776,236.9568819,  ,  ,  
1777,236.6465266,  ,  ,  
1778,232.78877,  ,  ,  
1779,229.4505479,  ,  ,  
1780,223.2827019,LOW,LOW,  
1781,225.320801,  ,  ,  
1782,225.2130634,  ,  ,  
1783,223.5400769,  ,  ,  
1784,224.7310719,  ,  ,  
1785,225.1605132,  ,  ,  
1786,223.4116859,  ,  ,  
1787,228.7742914,  ,  ,  
1788,229.3705295,  ,  ,  
1789,228.5884874,  ,  ,  
1790,229.5844117,  ,  ,  
1791,229.8112185,  ,  ,  
1792,233.0153445,  ,  ,  
1793,232.5071087,  ,  ,  
1794,236.7909629,  ,  ,  
1795,251.4326768,HIGH*,  ,  
1796,247.9693177,  ,  ,  
1797,249.0124795,  ,  ,  
1798,244.8034842,  ,  ,  
1799,245.5825132,  ,  ,  
1800,244.3002601,  ,  ,  
1801,247.0178925,  ,  ,  
1802,244.1847633,  ,  ,  
1803,240.4515453,LOW*,  ,  
1804,242.3478577,  ,  ,  
1805,242.9679974,  ,  ,  
1806,251.5293267,  ,  ,  
1807,249.0582858,  ,  ,  
1808,256.6502224,  ,  ,  
1809,263.8543569,  ,  ,  
1810,258.0426476,  ,  ,  
1811,254.7471134,  ,  ,  
1812,256.0870428,  ,  ,  
1813,260.5092396,  ,  ,  
1814,271.3024582,  ,  ,  
1815,269.1379401,  ,  ,  
1816,266.4699191,  ,  ,  
1817,270.5761429,  ,  ,  
1818,269.6803048,  ,  ,  
1819,285.5587808,  ,  ,  
1820,293.9174538,  ,  ,  
1821,311.4818799,HIGH,HIGH,HIGH
1822,292.6492238,  ,  ,  
1823,287.7409515,  ,  ,  
1824,285.9228854,  ,  ,  
1825,278.5327493,  ,  ,  
1826,280.0647247,  ,  ,  
1827,277.3546353,  ,  ,  
1828,275.2819895,LOW,  ,  
1829,279.114393,  ,  ,  
1830,276.6524126,  ,  ,  
1831,277.7643691,  ,  ,  
1832,276.8116286,  ,  ,  
1833,289.3059763,  ,  ,  
1834,289.50764,  ,  ,  
1835,293.3148428,  ,  ,  
1836,294.4267618,  ,  ,  
1837,295.4101253,HIGH,  ,  
1838,289.8558364,  ,  ,  
1839,288.2362607,  ,  ,  
1840,284.5973244,  ,  ,  
1841,281.6688463,  ,  ,  
1842,282.4230064,  ,  ,  
1843,282.1850523,  ,  ,  
1844,285.2866175,  ,  ,  
1845,282.3388869,  ,  ,  
1846,278.9957487,  ,  ,  
1847,279.4887151,  ,  ,  
1848,261.4502756,LOW*,  ,  
1849,266.3420205,  ,  ,  
1850,264.9288252,  ,  ,  
1851,271.4217361,HIGH*,  ,  
1852,268.1438685,  ,  ,  
1853,264.691628,  ,  ,  
1854,266.3559416,  ,  ,  
1855,261.9368366,  ,  ,  
1856,258.9308174,  ,  ,  
1857,258.0093983,  ,  ,  
1858,217.8858831,  ,  ,  
1859,227.2182519,  ,  ,  
1860,235.5238831,  ,  ,  
1861,232.8006178,  ,  ,  
1862,230.6391733,  ,  ,  
1863,228.6730739,  ,  ,  
1864,211.9559176,LOW,LOW,LOW
1865,222.6550395,  ,  ,  
1866,226.1167002,  ,  ,  
1867,224.9398773,  ,  ,  
1868,232.1708083,  ,  ,  
1869,229.8262002,  ,  ,  
1870,229.0195725,  ,  ,  
1871,230.6894661,  ,  ,  
1872,227.9555704,  ,  ,  
1873,229.5021807,  ,  ,  
1874,227.1071216,  ,  ,  
1875,231.1775634,  ,  ,  
1876,235.9030061,  ,  ,  
1877,240.8054722,  ,  ,  
1878,240.6336157,  ,  ,  
1879,244.1749527,HIGH,  ,  
1880,238.7224632,  ,  ,  
1881,238.7504772,  ,  ,  
1882,240.8450081,  ,  ,  
1883,236.3518322,  ,  ,  
1884,230.5488373,  ,  ,  
1885,230.948794,  ,  ,  
1886,230.39859,  ,  ,  
1887,229.0432858,  ,  ,  
1888,233.2026978,  ,  ,  
1889,233.1751309,  ,  ,  
1890,232.2415681,  ,  ,  
1891,231.3623238,  ,  ,  
1892,226.773448,LOW,  ,  
1893,230.6263048,  ,  ,  
1894,230.1324378,  ,  ,  
1895,234.3198685,  ,  ,  
1896,235.5382218,  ,  ,  
1897,234.5918144,  ,  ,  
1898,233.2433098,  ,  ,  
1899,240.0172653,  ,  ,  
1900,237.3362338,  ,  ,  
1901,236.739848,  ,  ,  
1902,238.2298139,  ,  ,  
1903,237.9370073,  ,  ,  
1904,239.7358977,  ,  ,  
1905,239.5169249,  ,  ,  
1906,240.9612138,  ,  ,  
1907,246.9404982,  ,  ,  
1908,243.7344868,  ,  ,  
1909,243.029633,  ,  ,  
1910,244.4488875,  ,  ,  
1911,245.9559243,  ,  ,  
1912,248.5281654,  ,  ,  
1913,246.0936373,  ,  ,  
1914,250.4713007,  ,  ,  
1915,253.1423255,  ,  ,  
1916,254.693015,  ,  ,  
1917,262.7373632,  ,  ,  
1918,271.9309389,HIGH*,  ,  
1919,263.4816774,LOW*,  ,  
1920,264.3627282,  ,  ,  
1921,270.8322119,  ,  ,  
1922,268.0402177,  ,  ,  
1923,275.4149565,  ,  ,  
1924,278.612778,  ,  ,  
1925,283.6111429,  ,  ,  
1926,286.0496935,  ,  ,  
1927,286.7033828,  ,  ,  
1928,295.5629138,  ,  ,  
1929,304.442097,  ,  ,  
1930,314.8794623,  ,  ,  
1931,328.4923212,HIGH*,  ,  
1932,314.1195082,LOW*,  ,  
1933,329.8542276,  ,  ,  
1934,364.616628,  ,  ,  
1935,400.9231052,  ,  ,  
1936,405.4816815,HIGH,HIGH,  
1937,384.341223,  ,  ,  
1938,372.9754179,  ,  ,  
1939,386.5045508,  ,  ,  
1940,372.4001297,  ,  ,  
1941,380.4956444,  ,  ,  
1942,337.8305023,  ,  ,  
1943,308.9221859,LOW,LOW,  
1944,337.5229886,  ,  ,  
1945,337.2789582,  ,  ,  
1946,333.0471175,  ,  ,  
1947,319.9280216,  ,  ,  
1948,331.132725,  ,  ,  
1949,335.8497861,  ,  ,  
1950,335.744505,  ,  ,  
1951,326.2321455,  ,  ,  
1952,321.9404755,  ,  ,  
1953,325.9052312,  ,  ,  
1954,323.7169661,  ,  ,  
1955,323.0125563,  ,  ,  
1956,319.9613565,  ,  ,  
1957,328.9604573,  ,  ,  
1958,356.2552925,  ,  ,  
1959,359.2688244,  ,  ,  
1960,356.5673226,  ,  ,  
1961,371.7076125,  ,  ,  
1962,377.3898399,HIGH*,  ,  
1963,362.5323758,  ,  ,  
1964,359.2224041,LOW*,  ,  
1965,361.2100681,  ,  ,  
1966,363.2416318,  ,  ,  
1967,389.3629588,  ,  ,  
1968,393.3191297,  ,  ,  
1969,395.3465883,  ,  ,  
1970,413.7986604,  ,  ,  
1971,417.6326712,  ,  ,  
1972,415.7299243,  ,  ,  
1973,453.8614801,  ,  ,  
1974,435.8557224,  ,  ,  
1975,434.4034664,  ,  ,  
1976,442.9916897,  ,  ,  
1977,464.6178717,HIGH,HIGH,HIGH
1978,454.1424924,  ,  ,  
1979,456.2401346,  ,  ,  
1980,463.1757697,  ,  ,  
1981,461.3999079,  ,  ,  
1982,442.1539901,  ,  ,  
1983,437.6401295,  ,  ,  
1984,435.268379,  ,  ,  
1985,442.6657271,  ,  ,  
1986,455.878713,  ,  ,  
1987,455.7188258,  ,  ,  
1988,418.2215316,LOW,  ,  
1989,422.7058945,  ,  ,  
1990,421.0528796,  ,  ,  
1991,431.3400213,  ,  ,  
1992,426.043647,  ,  ,  
1993,429.6771534,  ,  ,  
1994,434.6780064,  ,  ,  
1995,434.4398773,  ,  ,  
1996,430.13618,  ,  ,  
1997,433.4489711,  ,  ,  
1998,432.6695026,  ,  ,  
1999,430.6778697,  ,  ,  
2000,459.2089401,HIGH,  ,  
2001,454.1344237,  ,  ,  
2002,449.8452162,  ,  ,  
2003,448.5802162,  ,  ,  
2004,449.033059,  ,  ,  
2005,441.7681572,  ,  ,  
2006,432.3106452,  ,  ,  
2007,429.8232247,  ,  ,  
2008,367.8231999,LOW,  ,  
2009,388.0712046,  ,  ,  
2010,382.4820865,  ,  ,  
2011,384.8651666,  ,  ,  
2012,378.161725,  ,  ,  
2013,420.6229242,HIGH,  ,  
2014,409.2984597,  ,  ,  
2015,381.0464594,  ,  ,  
2016,386.3706026,  ,  ,  
2017,403.4469267,  ,  ,  
2018,391.9860973,  ,  ,  
2019,391.1429351,  ,  ,  
2020,394.6275304,  ,  ,  
2021,378.9009956,  ,  ,  
2022,378.9999948,  ,  ,  
2023,377.2627791,  ,  ,  
2024,366.3416876,LOW,LOW,LOW
2025,371.2234351,  ,  ,  
2026,372.9276312,  ,  ,  
2027,368.0982066,  ,  ,  
2028,389.7230812,  ,  ,  
2029,384.398414,  ,  ,  
2030,374.6315555,  ,  ,  
2031,375.1539176,  ,  ,  
2032,370.8143503,  ,  ,  
2033,373.5116129,  ,  ,  
2034,379.0826116,  ,  ,  
2035,377.6391651,  ,  ,  
2036,382.2944565,  ,  ,  
2037,389.5984325,  ,  ,  
2038,406.1506695,HIGH*,  ,  
2039,399.2676186,LOW*,  ,  
2040,407.0353095,  ,  ,  
2041,415.3241134,  ,  ,  
2042,421.289663,  ,  ,  
2043,419.6265285,  ,  ,  
2044,440.1957601,HIGH,  ,  
2045,438.7186127,  ,  ,  
2046,437.5352951,  ,  ,  
2047,420.0325926,  ,  ,  
2048,423.9951125,  ,  ,  
2049,424.0908703,  ,  ,  
2050,431.762242,  ,  ,  
2051,432.947846,  ,  ,  
2052,433.1022627,  ,  ,  
2053,437.7758726,  ,  ,  
2054,432.8078672,  ,  ,  
2055,423.0797894,  ,  ,  
2056,419.2688213,  ,  ,  
2057,407.9901543,  ,  ,  
2058,397.3144539,LOW,  ,  
2059,403.7051875,  ,  ,  
2060,413.2293662,  ,  ,  
2061,411.4259532,  ,  ,  
2062,412.5407035,  ,  ,  
2063,416.3409287,  ,  ,  
2064,419.5119342,HIGH,  ,  
2065,410.2641633,  ,  ,  
2066,411.8058825,  ,  ,  
2067,415.0269573,  ,  ,  
2068,415.2664003,  ,  ,  
2069,417.0241185,  ,  ,  
2070,418.6053638,  ,  ,  
2071,408.9015874,LOW,  ,  
2072,409.1244299,  ,  ,  
2073,412.0569538,  ,  ,  
2074,411.6017741,  ,  ,  
2075,416.5816538,  ,  ,  
2076,417.3782995,  ,  ,  
2077,413.5602399,  ,  ,  
2078,416.3732438,  ,  ,  
2079,416.8230967,  ,  ,  
2080,425.4549598,HIGH*,  ,  
2081,422.9174468, ,  ,  
2082,415.8638288,  ,  ,  
2083,412.7776978,LOW*,  ,  
2084,415.9568112,  ,  ,  
2085,417.2006603,  ,  ,  
2086,419.7630567,  ,  ,  
2087,420.0735789,  ,  ,  
2088,419.5407279,  ,  ,  
2089,422.5013644,  ,  ,  
2090,421.9071912,  ,  ,  
2091,421.46722,  ,  ,  
2092,418.6434605,  ,  ,  
2093,418.7586354,  ,  ,  
2094,421.9544885,  ,  ,  
2095,423.273044,  ,  ,  
2096,427.4276646,  ,  ,  
2097,424.8725181,  ,  ,  
2098,425.856595,  ,  ,  
2099,430.7244188,  ,  ,  
2100,432.216313,  ,  ,  
2101,429.3399687,  ,  ,  
2102,429.6569337,  ,  ,  
2103,437.5687262,  ,  ,  
2104,442.6616533,  ,  ,  
2105,452.1647028,HIGH*,  ,  
2106,448.1344213,LOW*,  ,  
2107,453.914723,  ,  ,  
2108,463.3828714,  ,  ,  
2109,465.3160067,  ,  ,  
2110,469.6087645,HIGH,HIGH,  
2111,445.7411131,  ,  ,  
2112,451.0600618,  ,  ,  
2113,457.0099652,  ,  ,  
2114,449.9004845,  ,  ,  
2115,455.0107312,  ,  ,  
2116,444.9330612,LOW,  ,  
2117,451.6288504,  ,  ,  
2118,448.3679676,  ,  ,  
2119,449.3360725,  ,  ,  
2120,461.6938624,  ,  ,  
2121,461.3618425,  ,  ,  
2122,461.3788723,  ,  ,  
2123,463.4622317,HIGH,  ,  
2124,451.0796683,  ,  ,  
2125,453.8963053,  ,  ,  
2126,455.6072559,  ,  ,  
2127,457.2419027,  ,  ,  
2128,458.1195248,  ,  ,  
2129,460.8577206,  ,  ,  
2130,455.2240773,  ,  ,  
2131,453.545777,  ,  ,  
2132,454.4861841,  ,  ,  
2133,437.7241871,LOW,LOW,  
2134,442.3967992,  ,  ,  
2135,444.0782072,  ,  ,  
2136,440.5586688,  ,  ,  
2137,444.2050573,  ,  ,  
2138,445.6744549,  ,  ,  
2139,450.5495272,  ,  ,  
2140,454.4337224,  ,  ,  
2141,471.8201173,  ,  ,  
2142,530.9105979,  ,  ,  
2143,527.5497124,  ,  ,  
2144,533.493149,  ,  ,  
2145,530.9436928,  ,  ,  
2146,537.6136788,  ,  ,  
2147,538.7712432,  ,  ,  
2148,570.1759883,  ,  ,  
2149,574.2662016,  ,  ,  
2150,575.137638,  ,  ,  
2151,585.857149,HIGH*,  ,  
2152,578.4692407,  ,  ,  
2153,583.0975853,  ,  ,  
2154,577.1016997,LOW*,  ,  
2155,579.8149936,  ,  ,  
2156,605.449557,  ,  ,  
2157,670.3923743,  ,  ,  
2158,704.3217781,  ,  ,  
2159,684.9483194,  ,  ,  
2160,695.0014684,  ,  ,  
2161,767.4200313,HIGH,HIGH,HIGH
2162,750.0146339,  ,  ,  
2163,758.2887801,  ,  ,  
2164,766.7671327,  ,  ,  
2165,722.4974524,  ,  ,  
2166,669.6042047,  ,  ,  
2167,594.8329746,LOW,  ,  
2168,627.6778556,  ,  ,  
2169,664.1269857,  ,  ,  
2170,668.8726841,  ,  ,  
2171,630.4342421,  ,  ,  
2172,652.2448077,  ,  ,  
2173,647.2187684,  ,  ,  
2174,638.5863456,  ,  ,  
2175,674.2848147,  ,  ,  
2176,677.5123857,  ,  ,  
2177,702.7393168,HIGH,  ,  
2178,662.5500859,  ,  ,  
2179,679.8424534,  ,  ,  
2180,668.1659813,  ,  ,  
2181,677.6513331,  ,  ,  
2182,640.0532361,LOW,  ,  
2183,665.0517084,  ,  ,  
2184,651.941914,  ,  ,  
2185,649.959341,  ,  ,  
2186,650.2725947,  ,  ,  
2187,670.023128,  ,  ,  
2188,658.3336134,  ,  ,  
2189,660.9059602,  ,  ,  
2190,666.7586711,  ,  ,  
2191,665.2756222,  ,  ,  
2192,681.089602,HIGH,  ,  
2193,675.1185792,  ,  ,  
2194,674.6603603,  ,  ,  
2195,667.3053649,  ,  ,  
2196,666.8517393,  ,  ,  
2197,650.5629116,  ,  ,  
2198,657.377943,  ,  ,  
2199,661.3939798,  ,  ,  
2200,655.1195778,  ,  ,  
2201,654.6263392,  ,  ,  
2202,656.2751469,  ,  ,  
2203,656.1964534,  ,  ,  
2204,657.5575675,  ,  ,  
2205,655.3617302,  ,  ,  
2206,624.8044871,  ,  ,  
2207,606.5092479,  ,  ,  
2208,526.9811483,LOW,LOW,LOW
2209,570.3470409,  ,  ,  
2210,583.542158,  ,  ,  
2211,581.2798057,  ,  ,  
2212,590.795403,  ,  ,  
2213,594.732324,HIGH,  ,  
2214,591.6292839,  ,  ,  
2215,587.9321382,  ,  ,  
2216,589.9687583,  ,  ,  
2217,589.5858847,  ,  ,  
2218,587.1916496,  ,  ,  
2219,585.3635816,  ,  ,  
2220,571.3870625,  ,  ,  
2221,566.5644413,LOW,  ,  
2222,578.4149241,  ,  ,  
2223,573.6637444,  ,  ,  
2224,573.263192,  ,  ,  
2225,573.9584579,  ,  ,  
2226,581.7970701,  ,  ,  
2227,580.7921926,  ,  ,  
2228,584.9718977,HIGH,  ,  
2229,582.6277474,  ,  ,  
2230,578.7018317,  ,  ,  
2231,576.0334366,  ,  ,  
2232,578.8746534,  ,  ,  
2233,570.2009937,LOW,  ,  
2234,575.1052326,  ,  ,  
2235,573.4292676,  ,  ,  
2236,575.6956984,  ,  ,  
2237,572.2727583,  ,  ,  
2238,572.221702,  ,  ,  
2239,576.8467674,  ,  ,  
2240,600.3744068,  ,  ,  
2241,610.5389133,  ,  ,  
2242,607.5269642,  ,  ,  
2243,612.9954583,  ,  ,  
2244,615.6598191,  ,  ,  
2245,630.550172,HIGH,  ,  
2246,622.977884,  ,  ,  
2247,624.7526404,  ,  ,  
2248,608.2466759,  ,,  
2249,607.7073727,  ,  ,  
2250,608.6942963,  ,  ,  
2251,609.4130877,  ,  ,  
2252,607.0702626,  ,  ,  
2253,607.806438,  ,  ,  
2254,607.3814497,  ,  ,  
2255,611.5334603,  ,  ,  
2256,608.8713063,  ,  ,  
2257,608.3717486,  ,  ,  
2258,596.9457566,  ,  ,  
2259,595.5647165,LOW,  ,  
2260,602.3787849,  ,  ,  
2261,602.6873597,  ,  ,  
2262,600.6100549,  ,  ,  
2263,606.7788106,  ,  ,  
2264,605.1516137,  ,  ,  
2265,604.6864944,  ,  ,  
2266,605.202562,  ,  ,  
2267,608.8658407,  ,  ,  
2268,615.4084788,  ,  ,  
2269,611.7485783,  ,  ,  
2270,612.5903474,  ,  ,  
2271,610.0078814,  ,  ,  
2272,612.1477809,  ,  ,  
2273,611.7608628,  ,  ,  
2274,617.9057051,  ,  ,  
2275,619.3010018,  ,  ,  
2276,617.1010413,  ,  ,  
2277,618.0852,  ,  ,  
2278,642.9813873,HIGH*,  ,  
2279,636.5979322,  ,  ,  
2280,635.4440953,  ,  ,  
2281,639.5860903,  ,  ,  
2282,637.2837593,  ,  ,  
2283,642.9130425,  ,  ,  
2284,639.1375365,  ,  ,  
2285,635.5765086,  ,  ,  
2286,629.640708,  ,  ,  
2287,628.5989011,LOW*,  ,  
2288,630.9062034,  ,  ,  
2289,654.508631,  ,  ,  
2290,651.9619568,  ,  ,  
2291,650.0271672,  ,  ,  
2292,655.7925051,  ,  ,  
2293,675.1098693,  ,  ,  
2294,686.5233271,  ,  ,  
2295,690.3906549,  ,  ,  
2296,715.4454693,  ,  ,  
2297,699.333411,  ,  ,  
2298,698.897728,  ,  ,  
2299,730.57848,  ,  ,  
2300,740.3670555,HIGH,HIGH*,  
2301,689.939207,LOW,LOW*,  
2302,705.4320167,  ,  ,  
2303,706.8193256,  ,  ,  
2304,715.8968798,  ,  ,  
2305,706.1812168,  ,  ,  
2306,711.8358466,  ,  ,  
2307,721.5015099,  ,  ,  
2308,713.4076156,  ,  ,  
2309,715.7033106,  ,  ,  
2310,703.8475511,  ,  ,  
2311,703.6264353,  ,  ,  
2312,705.6435842,  ,  ,  
2313,712.3471528,  ,  ,  
2314,742.0501176,  ,  ,  
2315,735.3180805,  ,  ,  
2316,749.5787273,  ,  ,  
2317,751.2138194,HIGH,  ,  
2318,730.3508136,  ,  ,  
2319,736.5069839,  ,  ,  
2320,747.997678,  ,  ,  
2321,741.2403179,  ,  ,  
2322,737.354976,  ,  ,  
2323,739.6852002,  ,  ,  
2324,734.6529259,  ,  ,  
2325,727.7411158,LOW,  ,  
2326,730.0824838,  ,  ,  
2327,731.6464357,  ,  ,  
2328,742.2044513,  ,  ,  
2329,753.6749101,  ,  ,  
2330,772.3023827,  ,,  
2331,766.1104681,  ,  ,  
2332,766.3801391,  ,  ,  
2333,752.6707262,  ,  ,  
2334,759.1173258,  ,  ,  
2335,764.9876501,  ,  ,  
2336,767.6592246,  ,  ,  
2337,771.9023211,  ,  ,  
2338,775.4745613,  ,  ,  
2339,770.4961505,  ,  ,  
2340,778.5065991,  ,  ,  
2341,778.9306946,  ,  ,  
2342,776.9639615,  ,  ,  
2343,776.176782,  ,  ,  
2344,782.2302159,  ,  ,  
2345,789.6029322,  ,  ,  
2346,790.6329665,  ,  ,  
2347,790.2790317,  ,  ,  
2348,799.7775207,  ,  ,  
2349,828.4836793,  ,  ,  
2350,858.501434,  ,  ,  
2351,915.5624383,HIGH*,  ,  
2352,891.1552721,LOW*,  ,  
2353,896.0032793,  ,  ,  
2354,903.2012466,  ,  ,  
2355,925.9508105,  ,  ,  
2356,979.960974,  ,  ,  
2357,973.4625594,  ,  ,  
2358,961.1826582,  ,  ,  
2359,968.970597,  ,  ,  
2360,997.257358,  ,  ,  
2361,1017.077886,  ,  ,  
2362,1032.609053,  ,  ,  
2363,1134.496445,HIGH,HIGH,  
2364,1000.498129,  ,  ,  
2365,892.4639556,  ,  ,  
2366,903.4532836,  ,  ,  
2367,912.4849971,  ,  ,  
2368,903.5086668,  ,  ,  
2369,906.4989474,  ,  ,  
2370,788.314656,LOW,LOW,  
2371,807.1098335,  ,  ,  
2372,826.7469274,  ,  ,  
2373,820.0451573,  ,  ,  
2374,824.5470652,  ,  ,  
2375,830.8380351,  ,  ,  
2376,906.0268281,  ,  ,  
2377,881.2598154,  ,  ,  
2378,902.26387,  ,  ,  
2379,895.1745162,  ,  ,  
2380,924.4682595,  ,  ,  
2381,922.4670774,  ,  ,  
2382,919.1157441,  ,  ,  
2383,887.7431938,  ,  ,  
2384,895.6900333,  ,  ,  
2385,916.6674686,  ,  ,  
2386,920.4544635,  ,  ,  
2387,922.7749486,  ,  ,  
2388,915.6320231,  ,  ,  
2389,920.3132608,  ,  ,  
2390,968.4991057,  ,  ,  
2391,987.5325904,  ,  ,  
2392,1007.704366,  ,  ,  
2393,1015.302039,  ,  ,  
2394,1033.785973,  ,  ,  
2395,1014.567876,  ,  ,  
2396,1023.317481,  ,  ,  
2397,1053.624459,HIGH,  ,  
2398,1052.367645,  ,  ,  
2399,982.7519395,LOW,  ,  
2400,996.6501531,  ,  ,  
2401,1011.375322,  ,  ,  
2402,1006.296465,  ,  ,  
2403,999.953185,  ,  ,  
2404,1012.213464,  ,  ,  
2405,1013.903841,  ,  ,  
2406,1036.806865,  ,  ,  
2407,1058.66992,  ,  ,  
2408,1060.668805,  ,  ,  
2409,1058.7864,  ,  ,  
2410,1088.688429,  ,  ,  
2411,1128.855293,  ,  ,  
2412,1129.701791,  ,  ,  
2413,1188.861786,  ,  ,  
2414,1185.488892,  ,  ,  
2415,1151.604737,  ,  ,  
2416,1181.710866,  ,  ,  
2417,1194.15245,  ,  ,  
2418,1188.399941,  ,  ,  
2419,1228.459651,  ,  ,  
2420,1262.931467,  ,  ,  
2421,1289.363191,HIGH,HIGH,  
2422,1268.940664,  ,  ,  
2423,1276.273683,  ,  ,  
2424,1282.254657,  ,  ,  
2425,1234.476462,  ,  ,  
2426,1152.139389,  ,  ,  
2427,1193.455527,  ,  ,  
2428,1098.530149,LOW*,  ,  
2429,1176.822921,  ,  ,  
2430,1231.748357,  ,  ,  
2431,1239.396296,  ,  ,  
2432,1246.536565, ,  ,  
2433,1258.651381,HIGH*,  ,  
2434,1178.02075,  ,  ,  
2435,1072.082538,  ,  ,  
2436,962.5690562,  ,  ,  
2437,1020.220254,  ,  ,  
2438,1037.756346,  ,  ,  
2439,1111.818264,  ,  ,  
2440,1037.30257,  ,  ,  
2441,1028.172856,  ,  ,  
2442,935.0634962,LOW,LOW,  
2443,968.5433293,  ,  ,  
2444,962.9580546,  ,  ,  
2445,1042.919198,  ,  ,  
2446,1045.162932,  ,  ,  
2447,1039.688616,  ,  ,  
2448,1037.987661,  ,  ,  
2449,1081.743531,  ,  ,  
2450,1089.524772,  ,  ,  
2451,1105.562956,  ,  ,  
2452,1144.664771,  ,  ,  
2453,1141.921919,  ,  ,  
2454,1135.811644,  ,  ,  
2455,1194.596459,  ,  ,  
2456,1191.731451,  ,  ,  
2457,1184.41772,  ,  ,  
2458,1213.63414,  ,  ,  
2459,1211.649876,  ,  ,  
2460,1229.784933,HIGH*,  ,  
2461,1216.114368,  ,  ,  
2462,1172.55834,LOW*,  ,  
2463,1174.333234,  ,  ,  
2464,1175.562189,  ,  ,  
2465,1173.69138,  ,  ,  
2466,1191.901201,  ,  ,  
2467,1202.131458,  ,  ,  
2468,1209.560909,  ,  ,  
2469,1235.803075,  ,  ,  
2470,1247.33607,  ,  ,  
2471,1243.550393,  ,  ,  
2472,1250.001483,  ,  ,  
2473,1257.239442,  ,  ,  
2474,1279.864717,  ,  ,  
2475,1296.485457,  ,  ,  
2476,1345.889956,  ,  ,  
2477,1347.985156,  ,  ,  
2478,1357.715253,  ,  ,  
2479,1381.956372,  ,  ,  
2480,1436.941488,  ,  ,  
2481,1463.819068,  ,  ,  
2482,1519.408944,  ,  ,  
2483,1539.830052,  ,  ,  
2484,1529.850443,  ,  ,  
2485,1573.28551,  ,  ,  
2486,1526.267772,  ,  ,  
2487,1685.086496,  ,  ,  
2488,1719.228014,  ,  ,  
2489,1782.499,  ,  ,  
2490,1835.487548,HIGH*,  ,  
2491,1704.661641,LOW*,  ,  
2492,1779.840257,  ,  ,  
2493,1794.593551,  ,  ,  
2494,1736.882846,  ,  ,  
2495,1757.026949,  ,  ,  
2496,1808.746065,  ,  ,  
2497,1894.247265,  ,  ,  
2498,1967.545548,  ,  ,  
2499,2048.117678,  ,  ,  
2500,2045.222493,  ,  ,  
2501,2078.9435,  ,  ,  
2502,2257.288364,  ,  ,  
2503,2415.007227,HIGH*,  ,  
2504,2319.601379,  ,  ,  
2505,2279.418584,  ,  ,  
2506,2044.3005,LOW*,  ,  
2507,2225.700867,  ,  ,  
2508,2284.715797,  ,  ,  
2509,2167.264478,  ,  ,  
2510,2299.43261,  ,  ,  
2511,2399.887632,  ,  ,  
2512,2479.423894,  ,  ,  
2513,2549.551952,  ,  ,  
2514,2524.993834,  ,  ,  
2515,2685.318917,  ,  ,  
2516,2871.341677,  ,  ,  
2517,2706.760009,  ,  ,  
2518,2802.563547,  ,  ,  
2519,2804.872267,  ,  ,  
2520,2916.32786,  ,  ,  
2521,2974.214559,HIGH,HIGH,HIGH*
2522,2665.43327,  ,  ,  
2523,2707.137824,  ,  ,  
2524,2443.824451,  ,  ,  
2525,2409.886764,LOW,  ,  
2526,2476.359095,  ,  ,  
2527,2652.755363,  ,  ,  
2528,2508.214207,  ,  ,  
2529,2589.642213,  ,  ,  
2530,2733.226556,HIGH,  ,  
2531,2639.261314,  ,  ,  
2532,2686.647514,  ,  ,  
2533,2685.870471,  ,  ,  
2534,2562.189149,  ,  ,  
2535,2497.728941,  ,  ,  
2536,2426.365051,  ,  ,  
2537,2530.345536,  ,  ,  
2538,2562.792264,  ,  ,  
2539,2540.443032,  ,  ,  
2540,2452.712064,  ,  ,  
2541,2412.366213,LOW,  ,  
2542,2518.872187,  ,  ,  
2543,2551.927432,  ,  ,  
2544,2599.74475,  ,  ,  
2545,2608.104891,HIGH,  ,  
2546,2603.195474,  ,  ,  
2547,2495.780922,  ,  ,  
2548,2553.494158,  ,  ,  
2549,2506.173214,  ,  ,  
2550,2319.366897,  ,  ,  
2551,2319.167441,  ,  ,  
2552,2374.886266,  ,  ,  
2553,2343.738348,  ,  ,  
2554,2214.825237,  ,  ,  
2555,1989.63319,  ,  ,  
2556,1910.749542,LOW,LOW,LOW*
2557,2215.746296,  ,  ,  
2558,2303.761146,  ,  ,  
2559,2257.065236,  ,  ,  
2560,2823.897926,  ,  ,  
2561,2666.139718,  ,  ,  
2562,2829.754055,  ,  ,  
2563,2753.243865,  ,  ,  
2564,2755.159524,  ,  ,  
2565,2558.692999,  ,  ,  
2566,2522.324646,  ,  ,  
2567,2665.147546,  ,  ,  
2568,2793.833485,  ,  ,  
2569,2706.450765,  ,  ,  
2570,2749.384528,  ,  ,  
2571,2862.611291,HIGH*,  ,  
2572,2727.389182,  ,  ,  
2573,2690.145672,LOW*,  ,  
2574,2789.746312,  ,  ,  
2575,2860.272843,  ,  ,  
2576,3237.423363,  ,  ,  
2577,3230.116709,  ,  ,  
2578,3392.562419,  ,  ,  
2579,3425.676617,  ,  ,  
2580,3347.215432,  ,  ,  
2581,3437.032155,  ,  ,  
2582,3660.520537,  ,  ,  
2583,3871.082406,  ,  ,  
2584,4063.801053,  ,  ,  
2585,4304.603931,  ,  ,  
2586,4160.030546,  ,  ,  
2587,4364.678575,HIGH*,  ,  
2588,4308.516861,  ,  ,  
2589,4108.507162,  ,  ,  
2590,4160.332457,  ,  ,  
2591,4085.810394,  ,  ,  
2592,3992.626035,LOW*,  ,  
2593,4074.330461,  ,  ,  
2594,4146.915345,  ,  ,  
2595,4325.816428,  ,  ,  
2596,4353.131773,  ,  ,  
2597,4341.978717,  ,  ,  
2598,4344.903445,  ,  ,  
2599,4379.763921,  ,  ,  
2600,4600.456831,  ,  ,  
2601,4586.632737,  ,  ,  
2602,4740.356218,  ,  ,  
2603,4918.166245,HIGH,HIGH,  
2604,4595.020018,  ,  ,  
2605,4625.296314,  ,  ,  
2606,4374.753496,  ,  ,  
2607,4454.052538,  ,  ,  
2608,4607.51653,  ,  ,  
2609,4635.111876,  ,  ,  
2610,4345.457656,  ,  ,  
2611,4335.59345,  ,  ,  
2612,4261.843521,  ,  ,  
2613,4212.547573,  ,  ,  
2614,4164.319434,  ,  ,  
2615,3887.118587,  ,  ,  
2616,3247.468739,LOW,LOW,  
2617,3699.222944,  ,  ,  
2618,3711.234351,  ,  ,  
2619,3711.856204,  ,  ,  
2620,4080.428443,  ,  ,  
2621,3925.73619,  ,  ,  
2622,3895.777079,  ,  ,  
2623,3617.243466,  ,  ,  
2624,3619.213718,  ,  ,  
2625,3775.600594,  ,  ,  
2626,3676.896944,  ,  ,  
2627,3918.738071,  ,  ,  
2628,3890.090937,  ,  ,  
2629,4207.787485,  ,  ,  
2630,4187.769796,  ,  ,  
2631,4155.01012,  ,  ,  
2632,4334.544613,  ,  ,  
2633,4382.086898,  ,  ,  
2634,4386.875715,HIGH*,  ,  
2635,4306.564642,  ,  ,  
2636,4216.684821,LOW*,  ,  
2637,4319.420916,  ,  ,  
2638,4365.91571,  ,  ,  
2639,4438.855933,  ,  ,  
2640,4600.739797,  ,  ,  
2641,4777.534657,  ,  ,  
2642,4741.077915,  ,  ,  
2643,4814.967118,  ,  ,  
2644,5393.668983,  ,  ,  
2645,5614.077515,  ,  ,  
2646,5785.738315,  ,  ,  
2647,5689.86506,  ,  ,  
2648,5756.148812,  ,  ,  
2649,5590.416324,  ,  ,  
2650,5583.870426,  ,  ,  
2651,5708.312991,  ,  ,  
2652,6000.88313,  ,  ,  
2653,6030.207893,HIGH*,  ,  
2654,5996.598139,  ,  ,  
2655,5888.250017,  ,  ,  
2656,5517.775353,LOW*,,  
2657,5736.017802,  ,  ,  
2658,5900.317729,  ,  ,  
2659,5771.945046,  ,  ,  
2660,5762.388577,  ,  ,  
2661,6174.728845,  ,  ,  
2662,6119.256384,  ,  ,  
2663,6428.514637,  ,  ,  
2664,6726.411835,  ,  ,  
2665,7043.777939,  ,  ,  
2666,7198.632111,  ,  ,  
2667,7420.498079,  ,  ,  
2668,7371.13903,  ,  ,  
2669,6985.263844,  ,  ,  
2670,7118.202544,  ,  ,  
2671,7451.212787,HIGH,HIGH*,  
2672,7117.73805,  ,  ,  
2673,6620.567336,  ,  ,  
2674,6346.721449,  ,  ,  
2675,5829.097828,LOW,LOW*,  
2676,6519.445172,  ,  ,  
2677,6592.374397,  ,  ,  
2678,7257.373212,  ,  ,  
2679,7833.704433,  ,  ,  
2680,7729.03327,  ,  ,  
2681,7796.154241,  ,  ,  
2682,8018.320688,  ,  ,  
2683,8269.874257,  ,  ,  
2684,8091.998084,  ,  ,  
2685,8249.59733,  ,  ,  
2686,8071.669821,  ,  ,  
2687,8232.422333,  ,  ,  
2688,8760.165442,  ,  ,  
2689,9319.903315,  ,  ,  
2690,9730.728579,  ,  ,  
2691,9932.19418,  ,  ,  
2692,9800.027552,  ,  ,  
2693,9996.714972,  ,  ,  
2694,10808.95833,  ,  ,  
2695,10934.85999,  ,  ,  
2696,11213.94266,  ,  ,  
2697,11562.12857,  ,  ,  
2698,11736.75407,  ,  ,  
2699,13992.13234,  ,  ,  
2700,17032.29338,HIGH*,  ,  
2701,16298.48734,  ,  ,  
2702,15050.02195,LOW*,  ,  
2703,15474.99954,  ,  ,  
2704,16873.49778,  ,  ,  
2705,17433.93074,  ,  ,  
2706,16515.15257,  ,  ,  
2707,16602.8928,  ,  ,  
2708,17702.00217,  ,  ,  
2709,19640.51388,HIGH,HIGH,HIGH
2710,19250.46765,  ,  ,  
2711,18982.02502,  ,  ,  
2712,17653.32609,  ,  ,  
2713,16453.62726,  ,  ,  
2714,15633.83365,  ,  ,  
2715,14305.71834,  ,  ,  
2716,14910.8581,  ,  ,  
2717,14026.34687,  ,  ,  
2718,14080.94226,  ,  ,  
2719,15727.14548,  ,  ,  
2720,15389.00057,  ,,  
2721,14289.45221,  ,  ,  
2722,14571.74608,  ,  ,  
2723,12948.71588,LOW,  ,  
2724,13921.48064,  ,  ,  
2725,13464.65361,  ,  ,  
2726,14754.3222,  ,  ,  
2727,15010.28616,  ,  ,  
2728,15070.3008,  ,  ,  
2729,16997.22741,  ,  ,  
2730,17103.58928,HIGH,  ,  
2731,16231.695,  ,  ,  
2732,14937.41509,  ,  ,  
2733,14378.58622,  ,  ,  
2734,14669.08827,  ,  ,  
2735,13186.75494,  ,  ,  
2736,13789.44366,  ,  ,  
2737,14231.22506,  ,  ,  
2738,13681.06546,  ,  ,  
2739,13591.6962,  ,  ,  
2740,11431.04011,  ,  ,  
2741,11159.60859,  ,  ,  
2742,11246.03973,  ,  ,  
2743,11440.25556,  ,  ,  
2744,12768.40459,  ,  ,  
2745,11422.39426,  ,  ,  
2746,10737.35058,LOW,  ,  
2747,10849.39188,  ,  ,  
2748,11225.89617,  ,  ,  
2749,11130.46495,  ,  ,  
2750,11035.55461,  ,  ,  
2751,11320.97019,  ,  ,  
2752,11615.95871,HIGH,  ,  
2753,11132.55431,  ,  ,  
2754,9959.546715,  ,  ,  
2755,10050.0958,  ,  ,  
2756,9039.865075,  ,  ,  
2757,8786.07738,  ,  ,  
2758,9132.100322,  ,  ,  
2759,8250.526896,  ,  ,  
2760,6849.542559,LOW,LOW,  
2761,7738.64396,  ,  ,  
2762,7624.59539,  ,  ,  
2763,8218.580852,  ,  ,  
2764,8660.453468,  ,  ,  
2765,8530.292805,  ,  ,  
2766,8096.728481,  ,  ,  
2767,8907.670179,  ,  ,  
2768,8523.966932,  ,  ,  
2769,9467.301033,  ,  ,  
2770,10106.73308,  ,  ,  
2771,10189.31648,  ,  ,  
2772,11085.59841,  ,  ,  
2773,10452.09198,  ,  ,  
2774,11139.35573,  ,  ,  
2775,11245.93232,HIGH,  ,  
2776,10458.86509,  ,  ,  
2777,9878.158943,  ,  ,  
2778,10159.06561,  ,  ,  
2779,9686.60178,  ,  ,  
2780,9603.227477,LOW,  ,  
2781,10312.36571,  ,  ,  
2782,10654.10729,  ,  ,  
2783,10307.02497,  ,  ,  
2784,10923.63086,  ,  ,  
2785,11014.05847,  ,  ,  
2786,11425.68057,  ,  ,  
2787,11462.5832,  ,  ,  
2788,11540.66232,HIGH,HIGH,  
2789,10677.03523,  ,  ,  
2790,9903.085049,  ,  ,  
2791,9330.475453,  ,  ,  
2792,9278.139184,  ,  ,  
2793,8786.560423,  ,  ,  
2794,9513.5354,  ,  ,  
2795,9147.890181,  ,  ,  
2796,9160.542933,  ,  ,  
2797,8222.127239,  ,  ,  
2798,8268.589122,  ,  ,  
2799,8376.904498,  ,  ,  
2800,7881.661921,LOW,  ,  
2801,8189.016719,  ,  ,  
2802,8537.015623,  ,  ,  
2803,8895.547179,HIGH,  ,  
2804,8879.594257,  ,  ,  
2805,8710.664935,  ,  ,  
2806,8771.746323,  ,  ,  
2807,8610.988516,  ,  ,  
2808,8440.610923,  ,  ,  
2809,8171.184354,  ,  ,  
2810,7837.265319,  ,  ,  
2811,7933.64273,  ,  ,  
2812,7108.570813,  ,  ,  
2813,6832.149066,  ,  ,  
2814,6922.281297,  ,  ,  
2815,6804.524879,  ,  ,  
2816,7033.25961,  ,  ,  
2817,7420.800515,  ,  ,  
2818,6780.543601,  ,  ,  
2819,6798.422617,  ,  ,  
2820,6610.49235,LOW,LOW,  
2821,6886.469472,  ,  ,  
2822,7009.996104,  ,  ,  
2823,6736.892824,  ,  ,  
2824,6816.718615,  ,  ,  
2825,6944.785857,  ,  ,  
2826,7904.330275,  ,  ,  
2827,7919.064695,  ,  ,  
2828,8006.417943,  ,  ,  
2829,8342.271101,  ,  ,  
2830,8046.982134,  ,  ,  
2831,7887.737958,  ,  ,  
2832,8162.834862,  ,  ,  
2833,8272.967316,  ,  ,  
2834,8839.501132,  ,  ,  
2835,8863.540829,  ,  ,  
2836,8800.959087,  ,  ,  
2837,8930.784634,  ,  ,  
2838,9652.213789,HIGH*,  ,  
2839,8855.508937,LOW*,  ,  
2840,9264.727427,  ,  ,  
2841,8981.33079,  ,  ,  
2842,9341.824685,  ,  ,  
2843,9396.99763,  ,  ,  
2844,9228.726484,  ,  ,  
2845,9072.168757,  ,  ,  
2846,9204.127641,  ,  ,  
2847,9750.700146,  ,  ,  
2848,9696.64291,  ,  ,  
2849,9795.925772,HIGH,HIGH,  
2850,9595.086819,  ,  ,  
2851,9339.510847,  ,  ,  
2852,9212.369635,  ,  ,  
2853,9293.042274,  ,  ,  
2854,9037.530509,  ,  ,  
2855,8419.758587,LOW*,  ,  
2856,8485.775267,  ,  ,  
2857,8695.833094,HIGH*,  ,  
2858,8671.074175,  ,  ,  
2859,8488.463421,  ,  ,  
2860,8327.756201,  ,  ,  
2861,8050.516239,  ,  ,  
2862,8233.086455,  ,  ,  
2863,8229.482936,  ,  ,  
2864,8511.44883,  ,  ,  
2865,8398.623127,  ,  ,  
2866,8007.526532,  ,  ,  
2867,7520.867679,  ,  ,  
2868,7575.624486,  ,  ,  
2869,7425.375674,  ,  ,  
2870,7326.303186,  ,  ,  
2871,7338.193044,  ,  ,  
2872,7110.823882,LOW,  ,  
2873,7453.633725,  ,  ,  
2874,7374.669049,  ,  ,  
2875,7478.741867,  ,  ,  
2876,7519.835737,  ,  ,  
2877,7637.448253,  ,  ,  
2878,7702.157933,HIGH,  ,  
2879,7486.6532,  ,  ,  
2880,7611.149853,  ,  ,  
2881,7650.775807,  ,  ,  
2882,7665.947896,  ,  ,  
2883,7622.60233,  ,  ,  
2884,7556.171698,  ,  ,  
2885,6744.735801,  ,  ,  
2886,6849.452687,  ,  ,  
2887,6526.69968,  ,  ,  
2888,6306.513168,LOW*,  ,  
2889,6629.770124,  ,  ,  
2890,6399.674046,  ,  ,  
2891,6495.315309,  ,  ,  
2892,6450.693973,  ,  ,  
2893,6703.81259, ,  ,  
2894,6732.508809,  ,  ,  
2895,6753.206826,HIGH*,  ,  
2896,6720.373234,  ,  ,  
2897,6059.575859,  ,  ,  
2898,6174.225779,  ,  ,  
2899,6146.487195,  ,  ,  
2900,6243.535441,  ,  ,  
2901,6096.128766,  ,  ,  
2902,6139.189683,  ,  ,  
2903,5858.635778,LOW,LOW,LOW
2904,6220.913715,  ,  ,  
2905,6375.541231,  ,  ,  
2906,6361.402539,  ,  ,  
2907,6608.367157,  ,  ,  
2908,6498.307859,  ,  ,  
2909,6579.333376,  ,  ,  
2910,6535.298403,  ,  ,  
2911,6598.459096,  ,  ,  
2912,6737.85608,HIGH,  ,  
2913,6704.91998,  ,  ,  
2914,6664.024094,  ,  ,  
2915,6309.084004,  ,  ,  
2916,6377.976511,  ,  ,  
2917,6159.466676,LOW,  ,  
2918,6208.985572,  ,  ,  
2919,6255.112479,  ,  ,  
2920,6347.604274,  ,  ,  
2921,6710.807437,  ,  ,  
2922,7320.594828,  ,  ,  
2923,7376.038339,  ,  ,  
2924,7467.034298,  ,  ,  
2925,7327.256683,  ,  ,  
2926,7410.56562,  ,  ,  
2927,7399.483747,  ,  ,  
2928,7716.158627,  ,  ,  
2929,8397.616522,HIGH,HIGH,HIGH
2930,8202.720395,  ,  ,  
2931,7913.930778,  ,  ,  
2932,8173.774611,  ,  ,  
2933,8190.360057,  ,  ,  
2934,8229.605839,  ,  ,  
2935,8171.839519,  ,  ,  
2936,7725.133036,  ,  ,  
2937,7596.698012,  ,  ,  
2938,7542.694662,  ,  ,  
2939,7411.34425,  ,  ,  
2940,7002.208653,  ,  ,  
2941,7031.587751,  ,  ,  
2942,6929.990894,  ,  ,  
2943,6722.578433,  ,  ,  
2944,6267.388674,  ,  ,  
2945,6558.096908,  ,  ,  
2946,6135.751859,LOW,LOW,  
2947,6313.749312,  ,  ,  
2948,6314.691656,  ,  ,  
2949,6265.848044,  ,  ,  
2950,6184.829086,  ,  ,  
2951,6270.214799,  ,  ,  
2952,6290.750455,  ,  ,  
2953,6563.078289,  ,  ,  
2954,6399.287447,  ,  ,  
2955,6490.716127,  ,  ,  
2956,6272.952729,  ,  ,  
2957,6473.076039,  ,  ,  
2958,6365.009832,  ,  ,  
2959,6516.409025,  ,  ,  
2960,6697.731879,  ,  ,  
2961,6745.438939,  ,  ,  
2962,6689.869333,  ,  ,  
2963,6839.158952,  ,  ,  
2964,7092.973808,  ,  ,  
2965,7033.428068,  ,  ,  
2966,6966.963744,  ,  ,  
2967,7025.14078,  ,  ,  
2968,7192.352547,  ,  ,  
2969,7286.667791,  ,  ,  
2970,7257.470214,  ,  ,  
2971,7358.811479,HIGH,HIGH,  
2972,6790.897328,  ,  ,  
2973,6488.075937,  ,  ,  
2974,6408.653622,  ,  ,  
2975,6187.790502,LOW,  ,  
2976,6249.24631,  ,  ,  
2977,6295.388603,  ,  ,  
2978,6278.42464,  ,  ,  
2979,6327.536363,  ,  ,  
2980,6490.912316,  ,  ,  
2981,6494.695479,  ,  ,  
2982,6524.165667,  ,  ,  
2983,6497.404701,  ,  ,  
2984,6258.594875,  ,  ,  
2985,6340.34779,  ,  ,  
2986,6383.951876,  ,  ,  
2987,6498.607111,  ,  ,  
2988,6741.142899,HIGH,  ,  
2989,6705.476051,  ,  ,  
2990,6703.13685,  ,  ,  
2991,6576.545003,  ,  ,  
2992,6416.444022,LOW,  ,  
2993,6463.250404,  ,  ,  
2994,6677.900489,HIGH,  ,  
2995,6623.12616,  ,  ,  
2996,6584.499148,  ,  ,  
2997,6604.485028,  ,  ,  
2998,6561.813832,  ,  ,  
2999,6508.720939,  ,  ,  
3000,6464.456844,  ,  ,  
3001,6545.285668,  ,  ,  
3002,6585.14958,  ,  ,  
3003,6550.478316,  ,  ,  
3004,6564.56826,  ,  ,  
3005,6604.685274,  ,  ,  
3006,6590.428622,  ,  ,  
3007,6529.102436,  ,  ,  
3008,6159.251643,LOW,LOW,  
3009,6191.677223,  ,  ,  
3010,6197.685696,  ,  ,  
3011,6182.879344,  ,  ,  
3012,6442.715414,  ,  ,  
3013,6461.937159,HIGH,  ,  
3014,6442.7307,  ,  ,  
3015,6396.479812,  ,  ,  
3016,6383.07784,  ,  ,  
3017,6408.252746,  ,  ,  
3018,6415.340503,  ,  ,  
3019,6408.033636,  ,  ,  
3020,6395.987667,  ,  ,  
3021,6413.803641,  ,  ,  
3022,6402.324859,  ,  ,  
3023,6404.108552,  ,  ,  
3024,6409.405328,  ,  ,  
3025,6406.633253,  ,  ,  
3026,6263.041735,LOW,  ,  
3027,6272.167728,  ,  ,  
3028,6306.316931,  ,  ,  
3029,6342.977501,  ,  ,  
3030,6348.168583,  ,  ,  
3031,6332.434133,  ,  ,  
3032,6420.422,  ,  ,  
3033,6402.946839,  ,  ,  
3034,6441.145219,  ,  ,  
3035,6500.869805,HIGH,HIGH,  
3036,6406.752937,  ,  ,  
3037,6331.378767,  ,  ,  
3038,6353.112734,  ,  ,  
3039,6335.414204,  ,  ,  
3040,6320.656054,  ,  ,  
3041,6267.937991,  ,  ,  
3042,5574.258349,  ,  ,  
3043,5538.560608,  ,  ,  
3044,5496.016231,  ,  ,  
3045,5501.09234,  ,  ,  
3046,5555.376338,  ,  ,  
3047,4792.200024,  ,  ,  
3048,4317.53067,  ,  ,  
3049,4549.32201,  ,  ,  
3050,4303.615549,  ,  ,  
3051,4289.892853,  ,  ,  
3052,3806.316925,  ,  ,  
3053,3946.850874,  ,  ,  
3054,3700.285993,LOW*,  ,  
3055,3776.555905,  ,  ,  
3056,4208.475269,  ,  ,  
3057,4239.039488,HIGH*,  ,  
3058,3973.334052,  ,  ,  
3059,4148.073726,  ,  ,  
3060,4098.746764,  ,  ,  
3061,3843.976666,  ,  ,  
3062,3892.951647,  ,  ,  
3063,3709.520858,  ,  ,  
3064,3511.968982,  ,  ,  
3065,3372.995693,  ,  ,  
3066,3407.951195,  ,  ,  
3067,3540.439576,  ,  ,  
3068,3413.592584,  ,  ,  
3069,3352.5642,  ,  ,  
3070,3423.012918,  ,  ,  
3071,3260.341582,  ,  ,  
3072,3198.947474,  ,  ,  
3073,3185.074044,LOW,LOW,LOW
3074,3195.414555,  ,  ,  
3075,3499.156482,  ,  ,  
3076,3659.527379,  ,  ,  
3077,3697.725303,  ,  ,  
3078,4067.737708,HIGH,HIGH,  
3079,3839.085108,  ,  ,  
3080,3964.946116,  ,  ,  
3081,3942.666996,  ,  ,  
3082,4040.04579,  ,  ,  
3083,3761.584011,  ,  ,  
3084,3807.657454,  ,  ,  
3085,3585.460536,LOW,  ,  
3086,3881.054885,  ,  ,  
3087,3823.138326,  ,  ,  
3088,3825.407463,  ,  ,  
3089,3687.19994,  ,  ,  
3090,3808.117832,  ,  ,  
3091,3898.197488,  ,  ,  
3092,3784.388635,  ,  ,  
3093,3827.524594,  ,  ,  
3094,3798.613955,  ,  ,  
3095,4045.993775,HIGH,  ,  
3096,4001.018278,  ,  ,  
3097,3992.622789,  ,  ,  
3098,4004.259036,  ,  ,  
3099,3627.90345,  ,  ,  
3100,3624.161421,  ,  ,  
3101,3617.022078,  ,  ,  
3102,3508.670108,LOW*,  ,  
3103,3666.945194,  ,  ,  
3104,3581.293015,  ,  ,  
3105,3606.986576,  ,  ,  
3106,3640.129131,  ,  ,  
3107,3609.426736,  ,  ,  
3108,3687.301961,HIGH*,  ,  
3109,3538.313723,  ,  ,  
3110,3535.623393,  ,  ,  
3111,3577.30835,  ,  ,  
3112,3551.893821,  ,  ,  
3113,3567.588934,  ,  ,  
3114,3561.350498,  ,  ,  
3115,3557.039915,  ,  ,  
3116,3537.614131,  ,  ,  
3117,3435.052514,  ,  ,  
3118,3395.823763,  ,  ,  
3119,3437.895866,  ,  ,  
3120,3410.131616,  ,  ,  
3121,3445.049891,  ,  ,  
3122,3461.935117,  ,  ,  
3123,3413.021616,  ,  ,  
3124,3411.387962,  ,  ,  
3125,3426.465011,  ,  ,  
3126,3367.506365,  ,  ,  
3127,3358.873599,LOW,LOW,  
3128,3612.479619,  ,  ,  
3129,3621.268121,  ,  ,  
3130,3642.022359,  ,  ,  
3131,3590.618484,  ,  ,  
3132,3587.902466,  ,  ,  
3133,3576.085373,  ,  ,  
3134,3561.916383,  ,  ,  
3135,3565.006924,  ,  ,  
3136,3584.736003,  ,  ,  
3137,3622.757429,  ,  ,  
3138,3866.129217,  ,  ,  
3139,3895.435211,  ,  ,  
3140,3931.613829,  ,  ,  
3141,3892.261794,  ,  ,  
3142,3948.300511,  ,  ,  
3143,4110.151121,HIGH,  ,  
3144,3754.18379,  ,  ,  
3145,3822.018697,  ,  ,  
3146,3796.175068,  ,  ,  
3147,3799.381992,  ,  ,  
3148,3792.947723,  ,  ,  
3149,3810.632693,  ,  ,  
3150,3809.643391,  ,  ,  
3151,3782.38187,  ,  ,  
3152,3698.161855,LOW,  ,  
3153,3840.128049,  ,  ,  
3154,3851.998425,  ,  ,  
3155,3855.923168,  ,  ,  
3156,3839.233553,  ,  ,  
3157,3910.361167,  ,  ,  
3158,3903.911951,  ,  ,  
3159,3851.568922,  ,  ,  
3160,3858.914824,  ,  ,  
3161,3851.957466,  ,  ,  
3162,3853.783265,  ,  ,  
3163,3901.914207,  ,  ,  
3164,3989.796077,  ,  ,  
3165,3967.143494,  ,  ,  
3166,3969.440146,  ,  ,  
3167,3996.167904,  ,,  
3168,4030.655276,HIGH*,  ,  
3169,3976.27385,  ,  ,  
3170,3983.887646,  ,  ,  
3171,3981.776033,  ,  ,  
3172,3970.666988,  ,  ,  
3173,3908.238839,LOW*,  ,  
3174,3917.763402,  ,  ,  
3175,4027.007918,  ,  ,  
3176,4010.937462,  ,  ,  
3177,4089.46104,  ,  ,  
3178,4091.891038,  ,  ,  
3179,4094.317815,  ,  ,  
3180,4138.417808,  ,  ,  
3181,4903.719462,  ,  ,  
3182,4960.227603,  ,  ,  
3183,4911.269702,  ,  ,  
3184,5033.225484,  ,  ,  
3185,5044.356846,  ,  ,  
3186,5189.111956,  ,  ,  
3187,5283.423025,  ,  ,  
3188,5195.577909,  ,  ,  
3189,5311.741603,HIGH,HIGH,  
3190,5050.666009,  ,  ,  
3191,5082.861432,  ,  ,  
3192,5074.790693,  ,  ,  
3193,5156.804041,  ,  ,  
3194,5042.897738,LOW,LOW,  
3195,5205.962957,  ,  ,  
3196,5226.352215,  ,  ,  
3197,5278.50234,  ,  ,  
3198,5289.951219,  ,  ,  
3199,5313.973262,  ,  ,  
3200,5295.733828,  ,  ,  
3201,5383.799975,  ,  ,  
3202,5544.862712,  ,  ,  
3203,5431.94792,  ,  ,  
3204,5127.673167,  ,  ,  
3205,5150.164661,  ,  ,  
3206,5181.807764,  ,  ,  
3207,5148.669615,  ,  ,  
3208,5148.800493,  ,  ,  
3209,5266.618203,  ,,  
3210,5315.175329,  ,  ,  
3211,5393.129376,  ,  ,  
3212,5658.430388,  ,  ,  
3213,5774.712429,HIGH*,  ,  
3214,5728.351702,  ,  ,  
3215,5691.688374,LOW*,  ,  
3216,5825.744893,  ,  ,  
3217,5931.800595,  ,  ,  
3218,6150.140445,  ,  ,  
3219,6357.463494,  ,  ,  
3220,7325.08286,  ,  ,  
3221,6942.623175,  ,  ,  
3222,7798.905736,  ,  ,  
3223,7955.557682,  ,  ,  
3224,8215.206838,HIGH,  ,  
3225,7862.071602,  ,  ,  
3226,7326.920682,  ,  ,  
3227,7277.987563,LOW,  ,  
3228,8219.742787,  ,  ,  
3229,7981.139379,  ,  ,  
3230,7983.808477,  ,  ,  
3231,7667.902115,  ,  ,  
3232,7897.471294,  ,  ,  
3233,7987.100368,  ,  ,  
3234,8061.591761,  ,  ,  
3235,8731.524956,  ,  ,  
3236,8816.786708,HIGH,HIGH*,  
3237,8719.125848,  ,  ,  
3238,8655.488506,  ,  ,  
3239,8271.621963,  ,  ,  
3240,8556.222186,  ,  ,  
3241,8554.80733,  ,  ,  
3242,8744.353745,  ,  ,  
3243,8173.401271,  ,  ,  
3244,7649.939332,  ,  ,  
3245,7798.544466,  ,  ,  
3246,7776.713326,  ,  ,  
3247,8023.950093,  ,  ,  
3248,7939.805155,  ,  ,  
3249,7634.065751,LOW,LOW*,  
3250,7993.302539,  ,  ,  
3251,7922.483627,  ,  ,  
3252,8146.756125,  ,  ,  
3253,8232.777341,  ,  ,  
3254,8698.004815,  ,  ,  
3255,8850.584816,  ,  ,  
3256,9019.517007,  ,  ,  
3257,9340.572189,  ,,  
3258,9047.132744,  ,  ,  
3259,9285.055677,  ,  ,  
3260,9546.719778,  ,  ,  
3261,10083.48631,  ,  ,  
3262,10685.29523,  ,  ,  
3263,10794.4277,  ,  ,  
3264,11004.20691,  ,  ,  
3265,11726.26383,  ,  ,  
3266,12863.46068,HIGH,HIGH,HIGH
3267,11109.79784,  ,  ,  
3268,12358.20796,  ,  ,  
3269,11944.35155,  ,  ,  
3270,10842.61671,  ,  ,  
3271,10569.55173,LOW,  ,  
3272,10766.08332,  ,  ,  
3273,11952.02489,  ,  ,  
3274,11177.01038,  ,  ,  
3275,10998.3991,  ,  ,  
3276,11208.2256,  ,  ,  
3277,11456.1836,  ,  ,  
3278,12319.62288,  ,  ,  
3279,12579.10762,HIGH,  ,  
3280,12106.78293,  ,  ,  
3281,11294.67803,  ,  ,  
3282,11813.32372,  ,  ,  
3283,11346.83715,  ,  ,  
3284,10283.07579,  ,  ,  
3285,10926.38027,  ,  ,  
3286,9471.140865,  ,  ,  
3287,9674.882461,  ,  ,  
3288,10679.89069,  ,  ,  
3289,10532.20273,  ,  ,  
3290,10862.64855,  ,  ,  
3291,10589.70649,  ,  ,  
3292,10318.56093,  ,  ,  
3293,9866.64894,  ,  ,  
3294,9792.787537,  ,  ,  
3295,9897.186786,  ,  ,  
3296,9836.696788,  ,  ,  
3297,9446.672052,LOW,LOW,  
3298,9529.788792,  ,  ,  
3299,9504.158916,  ,  ,  
3300,9589.109206,  ,  ,  
3301,10059.00402,  ,  ,  
3302,10400.30701,  ,  ,  
3303,10529.69445,  ,  ,  
3304,10810.42167,  ,  ,  
3305,10986.50893,  ,  ,  
3306,11790.02394,  ,  ,  
3307,11423.497,  ,  ,  
3308,11967.27355,HIGH,HIGH,  
3309,11938.23461,  ,  ,  
3310,11858.3411,  ,  ,  
3311,11303.73056,  ,  ,  
3312,11530.19524,  ,  ,  
3313,11384.69625,  ,  ,  
3314,10867.05476,  ,  ,  
3315,10024.37959,LOW*,  ,  
3316,10310.08587,  ,  ,  
3317,10373.3219,  ,  ,  
3318,10207.15556,  ,  ,  
3319,10331.30998,  ,  ,  
3320,10884.62977,HIGH*,  ,  
3321,10771.39238,  ,  ,  
3322,10096.83022,  ,  ,  
3323,10119.71452,  ,  ,  
3324,10414.14417,  ,  ,  
3325,10147.08715,  ,  ,  
3326,10100.35678,  ,  ,  
3327,10362.64347,  ,  ,  
3328,10168.22157,  ,  ,  
3329,9724.799978,  ,  ,  
3330,9482.311735,LOW,  ,  
3331,9577.678823,  ,  ,  
3332,9605.024461,  ,  ,  
3333,9762.936557,  ,  ,  
3334,10377.33838,  ,  ,  
3335,10618.78151,HIGH,  ,  
3336,10577.24108,  ,  ,  
3337,10580.1847,  ,  ,  
3338,10330.84973,  ,  ,  
3339,10494.50696,  ,  ,  
3340,10407.26566,  ,  ,  
3341,10332.46444,  ,  ,  
3342,10085.95192,LOW*,  ,  
3343,10142.14806,  ,  ,  
3344,10403.35997,HIGH*,  ,  
3345,10345.33875,  ,  ,  
3346,10363.4529,  ,  ,  
3347,10306.16967,  ,  ,  
3348,10257.82276,  ,  ,  
3349,10195.61118,  ,  ,  
3350,10161.31887,  ,  ,  
3351,10268.39263,  ,  ,  
3352,10170.12512,  ,  ,  
3353,9986.406108,  ,  ,  
3354,10047.01347,  ,  ,  
3355,9692.741048,  ,  ,  
3356,8613.671249,  ,  ,  
3357,8424.157646,  ,  ,  
3358,8091.695299,  ,  ,  
3359,8186.779639,  ,  ,  
3360,8201.979013,  ,  ,  
3361,8064.508062,  ,  ,  
3362,8282.365454,  ,  ,  
3363,8314.55139,  ,  ,  
3364,8362.530732,  ,  ,  
3365,8254.33991,  ,  ,  
3366,8165.686151,  ,  ,  
3367,8141.633714,  ,  ,  
3368,7854.609813,LOW,  ,  
3369,8226.023429,  ,  ,  
3370,8190.115121,  ,  ,  
3371,8598.331921,HIGH,  ,  
3372,8578.090379,  ,  ,  
3373,8289.854029,  ,  ,  
3374,8323.750144,  ,  ,  
3375,8291.250651,  ,  ,  
3376,8346.368437,  ,  ,  
3377,8160.712628,  ,  ,  
3378,8003.855923,  ,  ,  
3379,8072.489382,  ,  ,  
3380,7959.331994,  ,  ,  
3381,7948.477337,  ,  ,  
3382,8213.709039,  ,  ,  
3383,8211.654559,  ,  ,  
3384,8029.205373,  ,  ,  
3385,7458.035857,  ,  ,  
3386,7454.371138,LOW,LOW,  
3387,8656.655178,  ,  ,  
3388,9249.646761,  ,  ,  
3389,9558.156044,HIGH,HIGH,  
3390,9319.178142,  ,  ,  
3391,9431.207124,  ,  ,  
3392,9182.855065,  ,  ,  
3393,9155.277299,  ,  ,  
3394,9251.381293,  ,  ,  
3395,9300.190838,  ,  ,  
3396,9209.638696,  ,  ,  
3397,9418.360131,  ,  ,  
3398,9330.787223,  ,  ,  
3399,9354.933382,  ,  ,  
3400,9210.748222,  ,  ,  
3401,8791.333935,LOW*,  ,  
3402,8810.784562,  ,  ,  
3403,9042.890723,HIGH*,  ,  
3404,8713.20793,  ,  ,  
3405,8788.958143,  ,  ,  
3406,8766.729431,  ,  ,  
3407,8645.435804,  ,  ,  
3408,8465.877889,  ,  ,  
3409,8477.690243,  ,  ,  
3410,8505.161223,  ,  ,  
3411,8183.533414,  ,  ,  
3412,8116.820673,  ,  ,  
3413,8076.55466,  ,  ,  
3414,7612.277488,  ,  ,  
3415,7277.524273,  ,  ,  
3416,7324.836179,  ,  ,  
3417,6943.380656,LOW,  ,  
3418,7139.044686,  ,  ,  
3419,7165.43773,  ,  ,  
3420,7526.863817,  ,  ,  
3421,7436.336382,  ,  ,  
3422,7747.738042,HIGH,  ,  
3423,7556.193721,  ,  ,  
3424,7417.727206,  ,  ,  
3425,7318.312522,  ,  ,  
3426,7306.446233,  ,  ,  
3427,7215.020345,  ,  ,  
3428,7404.086795,  ,  ,  
3429,7534.208356,  ,  ,  
3430,7512.061403,  ,  ,  
3431,7528.940269,  ,  ,  
3432,7340.227459,  ,  ,  
3433,7232.091784,  ,  ,  
3434,7200.464446,  ,  ,  
3435,7192.849024,  ,  ,  
3436,7244.90372,  ,  ,  
3437,7071.10709,  ,  ,  
3438,7111.28667,  ,  ,  
3439,6882.395795,  ,  ,  
3440,6608.96198,LOW,LOW,  
3441,7284.625484,  ,  ,  
3442,7146.167638,  ,  ,  
3443,7184.219172,  ,  ,  
3444,7140.298011,  ,  ,  
3445,7479.402408,HIGH,  ,  
3446,7321.748724,  ,  ,  
3447,7235.629084,  ,  ,  
3448,7191.174166,  ,  ,  
3449,7194.639758,  ,  ,  
3450,7237.150447,  ,  ,  
3451,7306.643308,  ,  ,  
3452,7391.578521,  ,  ,  
3453,7229.397101,  ,  ,  
3454,7167.395055,  ,  ,  
3455,7170.631869,  ,  ,  
3456,6946.825269,LOW,  ,  
3457,7315.30936,  ,  ,  
3458,7343.164194,  ,  ,  
3459,7345.530692,  ,  ,  
3460,7765.797735,  ,  ,  
3461,8136.086842,  ,  ,  
3462,8059.699529,  ,  ,  
3463,7817.136093,  ,  ,  
3464,8129.81792,  ,  ,  
3465,8032.005495,  ,  ,  
3466,8164.549993,  ,  ,  
3467,8121.925668,  ,  ,  
3468,8830.167873,  ,  ,  
3469,8811.448203,  ,  ,  
3470,8718.686998,  ,  ,  
3471,8912.541904,  ,  ,  
3472,8928.180757,HIGH,  ,  
3473,8687.354837,  ,  ,  
3474,8636.258786,  ,  ,  
3475,8730.86756,  ,  ,  
3476,8647.900474,  ,  ,  
3477,8366.384614,  ,  ,  
3478,8423.390958,  ,  ,  
3479,8344.774569,LOW,  ,  
3480,8573.87481,  ,  ,  
3481,8901.959285,  ,  ,  
3482,9297.388318,  ,  ,  
3483,9311.947544,  ,  ,  
3484,9508.920965,  ,  ,  
3485,9357.284782,  ,  ,  
3486,9381.886029,  ,  ,  
3487,9339.387063,  ,  ,  
3488,9279.812521,  ,  ,  
3489,9161.627198,  ,  ,  
3490,9628.136776,  ,  ,  
3491,9739.280436,  ,  ,  
3492,9800.2794,  ,  ,  
3493,9911.293408,  ,  ,  
3494,10151.0832,  ,  ,  
3495,9872.361873,  ,  ,  
3496,10272.22256,  ,  ,  
3497,10360.13522,  ,  ,  
3498,10235.49732,  ,  ,  
3499,10361.61569,HIGH,HIGH,  
3500,9911.724327,  ,  ,  
3501,9952.046612,  ,  ,  
3502,9683.079628,LOW*,  ,  
3503,10195.30379,HIGH*,  ,  
3504,9636.002299,  ,  ,  
3505,9614.030122,  ,  ,  
3506,9701.797503,  ,  ,  
3507,9675.249058,  ,  ,  
3508,9972.842423,  ,  ,  
3509,9648.007883,  ,  ,  
3510,9344.28714,  ,  ,  
3511,8798.888949,  ,  ,  
3512,8779.029482,  ,  ,  
3513,8750.593446,  ,  ,  
3514,8582.0903,  ,  ,  
3515,8541.773894,  ,  ,  
3516,8906.214756,  ,  ,  
3517,8768.810614,  ,  ,  
3518,8756.369572,  ,  ,  
3519,9062.615803,  ,  ,  
3520,9147.085059,  ,  ,  
3521,8898.306957,  ,  ,  
3522,8109.614541,  ,  ,  
3523,7896.38532,  ,  ,  
3524,7909.927875,  ,  ,  
3525,7939.341335,  ,  ,  
3526,4959.313414,LOW,LOW,LOW
3527,5627.692388,  ,  ,  
3528,5145.172506,  ,  ,  
3529,5358.610663,  ,  ,  
3530,5012.927388,  ,  ,  
3531,5416.754711,  ,  ,  
3532,5392.487836,  ,  ,  
3533,6203.551632,  ,  ,  
3534,6174.149476,  ,  ,  
3535,6175.831022,  ,  ,  
3536,5830.56098,  ,  ,  
3537,6486.408657,  ,  ,  
3538,6775.057619,HIGH*,  ,  
3539,6689.969013,  ,  ,  
3540,6754.460336,  ,  ,  
3541,6490.795415,  ,  ,  
3542,6231.81989,  ,  ,  
3543,5904.857587,LOW*,  ,  
3544,6436.9057,  ,  ,  
3545,6432.383242,  ,  ,  
3546,6643.110009,  ,  ,  
3547,6792.742222,  ,  ,  
3548,6751.902552,  ,  ,  
3549,6859.989169,  ,  ,  
3550,6790.812473,  ,  ,  
3551,7298.173745,  ,  ,  
3552,7187.593337,  ,  ,  
3553,7372.194764,HIGH,  ,  
3554,7299.579188,  ,  ,  
3555,6859.822675,  ,  ,  
3556,6883.182229,  ,  ,  
3557,6978.666287,  ,  ,  
3558,6863.575533,  ,  ,  
3559,6875.538503,  ,  ,  
3560,6625.475775,LOW,  ,  
3561,7127.792282,  ,  ,  
3562,7081.395198,  ,  ,  
3563,7262.792344,  ,  ,  
3564,7150.244215,  ,  ,  
3565,6853.273415,  ,  ,  
3566,6870.423699,  ,  ,  
3567,7123.65692,  ,  ,  
3568,7488.605165,  ,  ,  
3569,7506.443316,  ,  ,  
3570,7537.738209,  ,  ,  
3571,7684.068522,  ,  ,  
3572,7777.491519,  ,  ,  
3573,7769.899698,  ,  ,  
3574,8761.83717,  ,  ,  
3575,8652.410991,  ,  ,  
3576,8855.535258,  ,  ,  
3577,8977.281705,  ,  ,  
3578,8896.795638,  ,  ,  
3579,8881.954305,  ,  ,  
3580,8985.879599,  ,  ,  
3581,9266.813073,  ,  ,  
3582,9993.753177,HIGH,HIGH,  
3583,9859.323605,  ,  ,  
3584,9577.338922,  ,  ,  
3585,8715.033293,  ,  ,  
3586,8591.652884,LOW,LOW,  
3587,8817.250681,  ,  ,  
3588,9322.997202,  ,  ,  
3589,9801.269488,HIGH,  ,  
3590,9326.875859,  ,  ,  
3591,9395.475389,  ,  ,  
3592,9682.532481,  ,  ,  
3593,9726.850022,  ,  ,  
3594,9754.201462,  ,  ,  
3595,9515.70255,  ,  ,  
3596,9068.801229,  ,  ,  
3597,9161.815034,  ,  ,  
3598,9183.662125,  ,  ,  
3599,8806.230657,LOW,  ,  
3600,8909.192582,  ,  ,  
3601,8835.137253,  ,  ,  
3602,9169.057439,  ,  ,  
3603,9568.261853,  ,  ,  
3604,9432.413333,  ,  ,  
3605,9691.680491,  ,  ,  
3606,9433.943847,  ,  ,  
3607,10199.13505,HIGH,HIGH,  
3608,9512.346533,  ,  ,  
3609,9642.2734,  ,  ,  
3610,9813.360679,  ,  ,  
3611,9641.891623,  ,  ,  
3612,9668.670539,  ,  ,  
3613,9747.580111,  ,  ,  
3614,9769.342361,  ,  ,  
3615,9779.422166,  ,  ,  
3616,9888.444175,  ,  ,  
3617,9277.451169,LOW,  ,  
3618,9456.161533,  ,  ,  
3619,9461.333799,  ,  ,  
3620,9342.955635,  ,  ,  
3621,9441.383211,  ,  ,  
3622,9520.091948,  ,  ,  
3623,9448.693561,  ,  ,  
3624,9389.990766,  ,  ,  
3625,9285.991583,  ,  ,  
3626,9357.292464,  ,  ,  
3627,9284.769372,  ,  ,  
3628,9684.620185,HIGH,  ,  
3629,9611.725998,  ,  ,  
3630,9292.943544,  ,  ,  
3631,9247.121432,  ,  ,  
3632,9159.437772,  ,  ,  
3633,9002.165617,LOW,LOW,  
3634,9108.065675,  ,  ,  
3635,9184.247366,  ,  ,  
3636,9143.967585,  ,  ,  
3637,9241.339612,  ,  ,  
3638,9094.387287,  ,  ,  
3639,9066.690697,  ,  ,  
3640,9126.219555,  ,  ,  
3641,9079.614018,  ,  ,  
3642,9338.942591,  ,  ,  
3643,9252.158733,  ,  ,  
3644,9434.567956,HIGH,  ,  
3645,9231.502348,  ,  ,  
3646,9285.221015,  ,  ,  
3647,9237.171008,  ,  ,  
3648,9289.097977,  ,  ,  
3649,9236.622501,  ,  ,  
3650,9260.356987,  ,  ,  
3651,9196.725559,  ,  ,  
3652,9132.592312,LOW,  ,  
3653,9156.46871,  ,  ,  
3654,9175.905309,  ,  ,  
3655,9218.842311,  ,  ,  
3656,9167.190568,  ,  ,  
3657,9388.57435,  ,  ,  
3658,9531.25743,  ,  ,  
3659,9609.166715,  ,  ,  
3660,9548.100727,  ,  ,  
3661,9702.45279,  ,  ,  
3662,9933.906554,  ,  ,  
3663,11046.50833,  ,  ,  
3664,10944.61298,  ,  ,  
3665,11115.77128,  ,  ,  
3666,11135.39073,  ,  ,  
3667,11338.19734,  ,  ,  
3668,11797.58213,HIGH*,  ,  
3669,11094.02068,LOW*,  ,  
3670,11236.09568,  ,  ,  
3671,11202.65191,  ,  ,  
3672,11721.43847,  ,  ,  
3673,11769.30911,  ,  ,  
3674,11598.96906,  ,  ,  
3675,11743.00864,  ,  ,  
3676,11680.51737,  ,  ,  
3677,11870.36954,  ,  ,  
3678,11392.64409,  ,  ,  
3679,11575.51247,  ,  ,  
3680,11773.44812,  ,  ,  
3681,11774.40825,  ,  ,  
3682,11866.91036,  ,  ,  
3683,11899.64275,  ,  ,  
3684,12315.76242,HIGH,HIGH,  
3685,11992.696,  ,  ,  
3686,11736.84906,  ,  ,  
3687,11867.52034,  ,  ,  
3688,11524.69895,  ,  ,  
3689,11682.28915,  ,  ,  
3690,11665.60927,  ,  ,  
3691,11771.40805,  ,  ,  
3692,11358.45432,  ,  ,  
3693,11472.04912,  ,  ,  
3694,11314.67374,LOW,  ,  
3695,11527.88303,  ,  ,  
3696,11490.76235,  ,  ,  
3697,11698.97583,  ,  ,  
3698,11678.34823,  ,  ,  
3699,11970.36486,HIGH,  ,  
3700,11414.52093,  ,  ,  
3701,10261.49441,  ,  ,  
3702,10471.96641,  ,  ,  
3703,10128.64359,  ,  ,  
3704,10253.2999,  ,  ,  
3705,10367.87835,  ,  ,  
3706,10108.63545,LOW,LOW,  
3707,10223.11141,  ,  ,  
3708,10334.63073,  ,  ,  
3709,10387.02074,  ,  ,  
3710,10436.97783,  ,  ,  
3711,10322.52361,  ,  ,  
3712,10662.71991,  ,  ,  
3713,10779.38102,  ,  ,  
3714,10968.32055,  ,  ,  
3715,10936.29275,  ,  ,  
3716,10920.11284,  ,  ,  
3717,11073.77955,HIGH,  ,  
3718,10921.2181,  ,  ,  
3719,10455.37996,  ,  ,  
3720,10519.83916,  ,  ,  
3721,10233.29957,LOW,  ,  
3722,10739.04271,  ,  ,  
3723,10683.63058,  ,  ,  
3724,10742.03042,  ,  ,  
3725,10758.82429,  ,  ,  
3726,10727.37505,  ,  ,  
3727,10841.14274,  ,  ,  
3728,10772.35177,  ,  ,  
3729,10606.61733,  ,  ,  
3730,10570.10568,  ,  ,  
3731,10555.70543,  ,  ,  
3732,10665.61862,  ,  ,  
3733,10772.6356,  ,  ,  
3734,10596.37355,  ,  ,  
3735,10667.19439,  ,  ,  
3736,10902.52936,  ,  ,  
3737,11074.10368,  ,  ,  
3738,11302.85429,  ,  ,  
3739,11378.26253,  ,  ,  
3740,11548.40156,HIGH*,  ,  
3741,11434.96878,  ,  ,  
3742,11417.10811,  ,  ,  
3743,11502.58124,  ,  ,  
3744,11338.98718,LOW*,  ,  
3745,11362.80222,  ,  ,  
3746,11489.62257,  ,,  
3747,11745.81197,  ,  ,  
3748,11929.45725,  ,  ,  
3749,12848.49062,  ,  ,  
3750,12997.49934,  ,  ,  
3751,12953.4297,  ,  ,  
3752,13113.86692,  ,  ,  
3753,13041.64104,  ,  ,  
3754,13080.65617,  ,  ,  
3755,13675.52393,HIGH*,  ,  
3756,13290.32885,LOW*,  ,  
3757,13475.2173,  ,  ,  
3758,13603.29609,  ,  ,  
3759,13807.23361,  ,  ,  
3760,13736.89941,  ,  ,  
3761,13595.56476,  ,  ,  
3762,13996.9154,  ,  ,  
3763,14129.1482,  ,  ,  
3764,15606.46683,  ,  ,  
3765,15618.97247,  ,  ,  
3766,14866.3563,  ,  ,  
3767,15500.00071,  ,  ,  
3768,15319.81997,  ,  ,  
3769,15319.27568,  ,  ,  
3770,15731.24111,  ,  ,  
3771,16289.8149,  ,  ,  
3772,16330.06277,HIGH,  ,  
3773,16102.01002,  ,  ,  
3774,15986.75499,LOW,  ,  
3775,16743.05394,  ,  ,  
3776,17682.16919,  ,  ,  
3777,17804.69002,  ,  ,  
3778,17818.66866,  ,  ,  
3779,18663.78185,  ,  ,  
3780,18706.58934,  ,  ,  
3781,18482.69263,  ,  ,  
3782,18373.25776,  ,  ,  
3783,19150.25105,  ,  ,  
3784,18748.39371,  ,  ,  
3785,17113.71687,  ,  ,  
3786,17101.60302,  ,  ,  
3787,17745.37731,  ,  ,  
3788,18190.86688,  ,  ,  
3789,19664.40761,HIGH,HIGH*,  
3790,18820.60779,  ,  ,  
3791,19214.87223,  ,  ,  
3792,19470.31121,  ,  ,  
3793,18732.96709,  ,  ,  
3794,19114.63313,  ,  ,  
3795,19356.31368,  ,  ,  
3796,19182.17683,  ,  ,  
3797,18340.97814,  ,  ,  
3798,18574.69674,  ,  ,  
3799,18294.84695,  ,  ,  
3800,18061.76003,LOW,LOW*,  
3801,18813.28377,  ,  ,  
3802,19156.08251,  ,  ,  
3803,19286.7513,  ,  ,  
3804,19432.58846,  ,  ,  
3805,21370.72032,  ,  ,  
3806,22789.26742,  ,  ,  
3807,23048.76456,  ,,  
3808,23856.77352,HIGH*,  ,  
3809,23528.55061,  ,  ,  
3810,22937.41834,  ,  ,  
3811,23756.88877, ,  ,  
3812,23307.2709,LOW*,  ,  
3813,23707.63304,  ,  ,  
3814,24669.16432,  ,  ,  
3815,26478.06811,  ,  ,  
3816,26430.8566,  ,  ,  
3817,27039.34902,  ,  ,  
3818,27231.20346,  ,  ,  
3819,28844.61368,  ,  ,  
3820,29022.67141,  ,  ,  
3821,29380.69373,  ,  ,  
3822,32022.68106,  ,  ,  
3823,33277.83531,  ,  ,  
3824,31802.14671,  ,  ,  
3825,34013.17417,  ,  ,  
3826,36643.27772,  ,  ,  
3827,39215.65115,  ,  ,  
3828,40775.40456,HIGH,HIGH,  
3829,40370.68235,  ,  ,  
3830,38329.34017,  ,  ,  
3831,35269.51372,  ,  ,  
3832,33712.46855,LOW*,  ,  
3833,37296.54753,  ,  ,  
3834,39045.51834,HIGH*,  ,  
3835,36710.31742,  ,  ,  
3836,36177.2611,  ,  ,  
3837,36069.93947,  ,  ,  
3838,36594.2964,  ,  ,  
3839,36250.14619,  ,  ,  
3840,35515.48001,  ,  ,  
3841,31022.95103,  ,  ,  
3842,32986.43576,  ,  ,  
3843,32036.28227,  ,  ,  
3844,32216.10429,  ,  ,  
3845,32419.70595,  ,  ,  
3846,32640.63914,  ,  ,  
3847,30358.93472,LOW,LOW,  
3848,33511.2876,  ,  ,  
3849,34166.14943,  ,  ,  
3850,34349.9171,  ,  ,  
3851,33157.83257,  ,  ,  
3852,33570.27185,  ,  ,  
3853,35596.14891,  ,  ,  
3854,37578.37321,  ,  ,  
3855,37129.20294,  ,  ,  
3856,38045.41361,  ,  ,  
3857,39341.72708,  ,  ,  
3858,39003.01218,  ,  ,  
3859,46121.93407,  ,  ,  
3860,46548.16199,  ,  ,  
3861,45078.12835,  ,  ,  
3862,47892.84092,  ,  ,  
