date,PriceUSD
7/18/2010,0.08584
7/19/2010,0.0808
7/20/2010,0.074735729
7/21/2010,0.079192863
7/22/2010,0.05846976
7/23/2010,0.06059287
7/24/2010,0.05454
7/25/2010,0.050540618
7/26/2010,0.056
7/27/2010,0.058622016
7/28/2010,0.058911099
7/29/2010,0.0699
7/30/2010,0.064657382
7/31/2010,0.067545799
08-01-2010,0.0611
08-02-2010,0.06
08-03-2010,0.060012151
08-04-2010,0.05701578
08-05-2010,0.061
08-06-2010,0.061671315
08-07-2010,0.059003945
08-08-2010,0.0609
08-09-2010,0.0704
08-10-2010,0.069338729
08-11-2010,0.067
08-12-2010,0.07
8/13/2010,0.0645
8/14/2010,0.066996434
8/15/2010,0.065117932
8/16/2010,0.0655
8/17/2010,0.07
8/18/2010,0.068
8/19/2010,0.0667
8/20/2010,0.0655
8/21/2010,0.0664
8/22/2010,0.065928989
8/23/2010,0.06491
8/24/2010,0.065
8/25/2010,0.0648
8/26/2010,0.064075114
8/27/2010,0.065
8/28/2010,0.0646
8/29/2010,0.064
8/30/2010,0.06497
8/31/2010,0.06
09-01-2010,0.062024828
09-02-2010,0.0634
09-03-2010,0.06085
09-04-2010,0.062178276
09-05-2010,0.06165
09-06-2010,0.0616
09-07-2010,0.061239118
09-08-2010,0.061
09-09-2010,0.061114971
09-10-2010,0.061011524
09-11-2010,0.063620865
09-12-2010,0.0615
9/13/2010,0.06218
9/14/2010,0.06199
9/15/2010,0.0604
9/16/2010,0.0619
9/17/2010,0.060000526
9/18/2010,0.061
9/19/2010,0.0627
9/20/2010,0.062101736
9/21/2010,0.06265
9/22/2010,0.06188187
9/23/2010,0.062153513
9/24/2010,0.0622
9/25/2010,0.06202
9/26/2010,0.062
9/27/2010,0.062200442
9/28/2010,0.061903898
9/29/2010,0.06191
9/30/2010,0.0619
10-01-2010,0.061973314
10-02-2010,0.0614
10-03-2010,0.061064868
10-04-2010,0.061294477
10-05-2010,0.0614
10-06-2010,0.06281
10-07-2010,0.067
10-08-2010,0.084453108
10-09-2010,0.0938
10-10-2010,0.097146201
10-11-2010,0.095
10-12-2010,0.0949
10/13/2010,0.104865589
10/14/2010,0.102
10/15/2010,0.105
10/16/2010,0.101
10/17/2010,0.102
10/18/2010,0.1024
10/19/2010,0.097544892
10/20/2010,0.099
10/21/2010,0.107
10/22/2010,0.1025
10/23/2010,0.104556424
10/24/2010,0.11501
10/25/2010,0.139118553
10/26/2010,0.151
10/27/2010,0.1877
10/28/2010,0.1731
10/29/2010,0.19
10/30/2010,0.197610544
10/31/2010,0.1925
11-01-2010,0.194525061
11-02-2010,0.1938
11-03-2010,0.1931
11-04-2010,0.229275161
11-05-2010,0.259112414
11-06-2010,0.400982303
11-07-2010,0.34
11-08-2010,0.243184629
11-09-2010,0.217272694
11-10-2010,0.229549731
11-11-2010,0.2231
11-12-2010,0.2682
11/13/2010,0.276
11/14/2010,0.27904
11/15/2010,0.268464556
11/16/2010,0.225
11/17/2010,0.241939334
11/18/2010,0.269057791
11/19/2010,0.27829
11/20/2010,0.283015965
11/21/2010,0.27675
11/22/2010,0.285
11/23/2010,0.28295
11/24/2010,0.282905736
11/25/2010,0.28
11/26/2010,0.2844
11/27/2010,0.283
11/28/2010,0.271358679
11/29/2010,0.230559456
11/30/2010,0.2082
12-01-2010,0.2275
12-02-2010,0.255
12-03-2010,0.251060084
12-04-2010,0.205000526
12-05-2010,0.202850018
12-06-2010,0.204
12-07-2010,0.233420386
12-08-2010,0.2388
12-09-2010,0.199991694
12-10-2010,0.204
12-11-2010,0.228
12-12-2010,0.219853612
12/13/2010,0.227605237
12/14/2010,0.24669
12/15/2010,0.24
12/16/2010,0.24996
12/17/2010,0.242655815
12/18/2010,0.241
12/19/2010,0.2401
12/20/2010,0.267
12/21/2010,0.241436002
12/22/2010,0.25
12/23/2010,0.249970128
12/24/2010,0.248
12/25/2010,0.2499
12/26/2010,0.264962127
12/27/2010,0.264785389
12/28/2010,0.281
12/29/2010,0.3
12/30/2010,0.3
12/31/2010,0.3
01-01-2011,0.3
01-02-2011,0.29997
01-03-2011,0.295
01-04-2011,0.29895
01-05-2011,0.298916302
01-06-2011,0.298
01-07-2011,0.32
01-08-2011,0.3229
01-09-2011,0.323
01-10-2011,0.32659
01-11-2011,0.32659
01-12-2011,0.318799621
1/13/2011,0.3176
1/14/2011,0.399990006
1/15/2011,0.386
1/16/2011,0.38679
1/17/2011,0.3495
1/18/2011,0.31299
1/19/2011,0.31299
1/20/2011,0.39
1/21/2011,0.41991
1/22/2011,0.440035529
1/23/2011,0.4424
1/24/2011,0.4199
1/25/2011,0.41
1/26/2011,0.41508513
1/27/2011,0.4212
1/28/2011,0.444484044
1/29/2011,0.439
1/30/2011,0.477142034
1/31/2011,0.52513687
02-01-2011,0.707510117
02-02-2011,0.725434822
02-03-2011,0.693898368
02-04-2011,0.810958971
02-05-2011,0.911671477
02-06-2011,0.898
02-07-2011,0.88942137
02-08-2011,0.918
02-09-2011,1.016050245
02-10-2011,0.979652963
02-11-2011,1.054069454
02-12-2011,1.078703284
2/13/2011,1.05
2/14/2011,1.070012624
2/15/2011,1.05
2/16/2011,1.031687629
2/17/2011,1.039923198
2/18/2011,0.898955915
2/19/2011,0.944028117
2/20/2011,0.865
2/21/2011,0.835747428
2/22/2011,0.87704178
2/23/2011,0.9
2/24/2011,0.989095266
2/25/2011,0.914652002
2/26/2011,0.958
2/27/2011,0.895033115
2/28/2011,0.860220923
03-01-2011,0.921096892
03-02-2011,0.9399
03-03-2011,0.939073383
03-04-2011,0.9011
03-05-2011,0.907840607
03-06-2011,0.884770973
03-07-2011,0.877583864
03-08-2011,0.866071591
03-09-2011,0.86
03-10-2011,0.92067031
03-11-2011,0.88
03-12-2011,0.917815513
3/13/2011,0.89249
3/14/2011,0.893924923
3/15/2011,0.87224
3/16/2011,0.851211666
3/17/2011,0.82542
3/18/2011,0.801959208
3/19/2011,0.765
3/20/2011,0.7415
3/21/2011,0.75897
3/22/2011,0.809130293
3/23/2011,0.84971
3/24/2011,0.872374366
3/25/2011,0.88377
3/26/2011,0.8552
3/27/2011,0.822
3/28/2011,0.7947405
3/29/2011,0.792509942
3/30/2011,0.789706312
3/31/2011,0.78461
04-01-2011,0.77411
04-02-2011,0.78199
04-03-2011,0.779
04-04-2011,0.68
04-05-2011,0.715691835
04-06-2011,0.74
04-07-2011,0.7538
04-08-2011,0.74999
04-09-2011,0.734060517
04-10-2011,0.733156821
04-11-2011,0.770113933
04-12-2011,0.861381608
4/13/2011,0.930320058
4/14/2011,0.998629766
4/15/2011,0.983673137
4/16/2011,1.046632858
4/17/2011,1.098122098
4/18/2011,1.149433312
4/19/2011,1.185162221
4/20/2011,1.142125985
4/21/2011,1.207338872
4/22/2011,1.404505082
4/23/2011,1.828852301
4/24/2011,1.63198422
4/25/2011,1.564483635
4/26/2011,1.77084089
4/27/2011,1.903175959
4/28/2011,2.285744466
4/29/2011,2.85060509
4/30/2011,3.5
05-01-2011,3.094227553
05-02-2011,3.2
05-03-2011,3.360585704
05-04-2011,3.408673047
05-05-2011,3.343736684
05-06-2011,3.455075584
05-07-2011,3.641262978
05-08-2011,3.848668377
05-09-2011,3.804089582
05-10-2011,5.651667002
05-11-2011,5.439751044
05-12-2011,6.334878694
5/13/2011,8.139034867
5/14/2011,7.007243829
5/15/2011,6.924924845
5/16/2011,7.885140745
5/17/2011,7.257199541
5/18/2011,6.763163362
5/19/2011,6.890143632
5/20/2011,5.618096219
5/21/2011,6.084800667
5/22/2011,6.71195604
5/23/2011,7.065256784
5/24/2011,7.402660582
5/25/2011,8.569289637
5/26/2011,8.782155434
5/27/2011,8.528658468
5/28/2011,8.34926912
5/29/2011,8.400953472
5/30/2011,8.779342465
5/31/2011,8.721576422
06-01-2011,9.623777232
06-02-2011,10.70276023
06-03-2011,14.26464677
06-04-2011,18.31273873
06-05-2011,16.5433424
06-06-2011,18.40209864
06-07-2011,23.23787846
06-08-2011,29.02992133
06-09-2011,28.79054402
06-10-2011,24.04939923
06-11-2011,14.74974663
06-12-2011,18.85014473
6/13/2011,19.54232911
6/14/2011,19.25773551
6/15/2011,19.46414262
6/16/2011,17.92936254
6/17/2011,15.43636891
6/18/2011,16.87540454
6/19/2011,17.51071679
6/20/2011,17.51071679
6/21/2011,17.51071679
6/22/2011,17.51071679
6/23/2011,17.51071679
6/24/2011,17.51071679
6/25/2011,17.51071679
6/26/2011,16.36134202
6/27/2011,16.75228581
6/28/2011,16.96183531
6/29/2011,16.85456832
6/30/2011,16.18526278
07-01-2011,15.4203574
07-02-2011,15.38284407
07-03-2011,15.45755056
07-04-2011,13.85279681
07-05-2011,12.96481771
07-06-2011,14.71478358
07-07-2011,14.79728916
07-08-2011,14.2990377
07-09-2011,14.38150067
07-10-2011,14.62293755
07-11-2011,14.31015543
07-12-2011,14.02127262
7/13/2011,13.97145452
7/14/2011,13.99797455
7/15/2011,13.80639041
7/16/2011,13.7130793
7/17/2011,13.25813531
7/18/2011,13.63052125
7/19/2011,13.82479484
7/20/2011,13.67833059
7/21/2011,13.61180844
7/22/2011,13.69854733
7/23/2011,13.68171834
7/24/2011,13.99251518
7/25/2011,14.03342538
7/26/2011,13.87803232
7/27/2011,13.87822476
7/28/2011,13.49159108
7/29/2011,13.51231639
7/30/2011,13.54028067
7/31/2011,13.3729061
08-01-2011,13.01911385
08-02-2011,12.21415644
08-03-2011,9.286356914
08-04-2011,10.76850375
08-05-2011,9.73015396
08-06-2011,6.964169736
08-07-2011,8.501793292
08-08-2011,7.775337638
08-09-2011,9.802499481
08-10-2011,10.05125313
08-11-2011,9.438412995
08-12-2011,9.452993285
8/13/2011,10.00402474
8/14/2011,10.80682077
8/15/2011,11.13069655
8/16/2011,10.99196557
8/17/2011,10.96396406
8/18/2011,10.85847146
8/19/2011,11.67047304
8/20/2011,11.45973174
8/21/2011,11.35448134
8/22/2011,10.92089582
8/23/2011,10.91724505
8/24/2011,10.87044429
8/25/2011,9.546093674
8/26/2011,8.126920163
8/27/2011,8.596497607
8/28/2011,9.0308664
8/29/2011,8.961157271
8/30/2011,8.809948738
8/31/2011,8.199151764
09-01-2011,8.234281665
09-02-2011,8.621424438
09-03-2011,8.449653441
09-04-2011,8.203470602
09-05-2011,7.597332525
09-06-2011,6.846530029
09-07-2011,7.162970274
09-08-2011,6.67818
09-09-2011,4.986777042
09-10-2011,4.742846655
09-11-2011,5.852903973
09-12-2011,6.090629472
9/13/2011,5.802523277
9/14/2011,5.59743261
9/15/2011,4.867755185
9/16/2011,4.831168101
9/17/2011,4.775285635
9/18/2011,5.236732278
9/19/2011,5.520376692
9/20/2011,6.146665552
9/21/2011,5.597067498
9/22/2011,5.475048777
9/23/2011,5.56342142
9/24/2011,5.457889687
9/25/2011,5.341154881
9/26/2011,4.873826081
9/27/2011,4.911157793
9/28/2011,4.763415321
9/29/2011,4.777660978
9/30/2011,5.14368591
10-01-2011,5.034070545
10-02-2011,5.007062597
10-03-2011,5.02284486
10-04-2011,4.956805621
10-05-2011,4.885067131
10-06-2011,4.730166296
10-07-2011,4.276035757
10-08-2011,3.981252994
10-09-2011,4.111634643
10-10-2011,4.074962484
10-11-2011,4.008924496
10-12-2011,4.166235342
10/13/2011,4.03698109
10/14/2011,3.986280885
10/15/2011,3.83733856
10/16/2011,3.609741717
10/17/2011,2.581246722
10/18/2011,2.422274738
10/19/2011,2.217254713
10/20/2011,2.356123508
10/21/2011,2.570092305
10/22/2011,3.155486139
10/23/2011,3.14775093
10/24/2011,2.522935998
10/25/2011,2.801923831
10/26/2011,2.777505239
10/27/2011,3.045407828
10/28/2011,3.179639437
10/29/2011,3.569188969
10/30/2011,3.257403723
10/31/2011,3.265098213
11-01-2011,3.171007743
11-02-2011,3.255800567
11-03-2011,3.168316385
11-04-2011,3.120118172
11-05-2011,2.977817598
11-06-2011,2.962720577
11-07-2011,3.017757687
11-08-2011,3.056567111
11-09-2011,2.919567224
11-10-2011,2.856702085
11-11-2011,3.067861733
11-12-2011,3.025522996
11/13/2011,2.986373303
11/14/2011,2.224224464
11/15/2011,2.322384116
11/16/2011,2.546780931
11/17/2011,2.279095836
11/18/2011,2.105066003
11/19/2011,2.203456722
11/20/2011,2.20198951
11/21/2011,2.279879165
11/22/2011,2.322458596
11/23/2011,2.330323568
11/24/2011,2.438879
11/25/2011,2.496161003
11/26/2011,2.471799969
11/27/2011,2.477564951
11/28/2011,2.541240252
11/29/2011,2.757698483
11/30/2011,2.966041546
12-01-2011,3.08258945
12-02-2011,3.100402333
12-03-2011,2.803856185
12-04-2011,2.819693976
12-05-2011,2.874796227
12-06-2011,3.025360451
12-07-2011,2.985502421
12-08-2011,2.991880483
12-09-2011,2.955791952
12-10-2011,3.068975267
12-11-2011,3.249268847
12-12-2011,3.187335357
12/13/2011,3.241088409
12/14/2011,3.155086504
12/15/2011,3.203138541
12/16/2011,3.209137777
12/17/2011,3.192541704
12/18/2011,3.194010809
12/19/2011,3.525773919
12/20/2011,3.952550827
12/21/2011,3.888993251
12/22/2011,3.903060421
12/23/2011,3.937965076
12/24/2011,3.939419119
12/25/2011,4.233866878
12/26/2011,3.999121964
12/27/2011,4.095518546
12/28/2011,4.207295876
12/29/2011,4.173352227
12/30/2011,4.31063509
12/31/2011,4.714306331
01-01-2012,5.294842777
01-02-2012,5.204877892
01-03-2012,4.870508829
01-04-2012,5.585706267
01-05-2012,6.874000877
01-06-2012,6.68331664
01-07-2012,6.796227981
01-08-2012,7.096650566
01-09-2012,6.288538342
01-10-2012,6.528474555
01-11-2012,6.889127721
01-12-2012,6.773564196
1/13/2012,6.45436889
1/14/2012,6.761727143
1/15/2012,7.046922558
1/16/2012,6.715607667
1/17/2012,5.59962195
1/18/2012,5.900231288
1/19/2012,6.315706342
1/20/2012,6.501491988
1/21/2012,6.180568326
1/22/2012,6.302967227
1/23/2012,6.374876077
1/24/2012,6.274476476
1/25/2012,5.810465072
1/26/2012,5.367226954
1/27/2012,5.303137197
1/28/2012,5.659796775
1/29/2012,5.391429457
1/30/2012,5.503481939
1/31/2012,5.538220296
02-01-2012,6.075232652
02-02-2012,6.099572913
02-03-2012,5.951610928
02-04-2012,5.895413239
02-05-2012,5.678115717
02-06-2012,5.482664058
02-07-2012,5.6620277
02-08-2012,5.61852819
02-09-2012,5.835699854
02-10-2012,5.937834155
02-11-2012,5.612132853
02-12-2012,5.519097169
2/13/2012,5.348354559
2/14/2012,4.483654092
2/15/2012,4.325520322
2/16/2012,4.255239045
2/17/2012,4.391538373
2/18/2012,4.270081278
2/19/2012,4.389551458
2/20/2012,4.365135939
2/21/2012,4.315115602
2/22/2012,4.419310288
2/23/2012,5.039515118
2/24/2012,5.025608759
2/25/2012,4.772567381
2/26/2012,4.926420852
2/27/2012,4.952515756
2/28/2012,4.857257776
2/29/2012,4.872748756
03-01-2012,4.922072124
03-02-2012,4.714823587
03-03-2012,4.628193252
03-04-2012,4.834144482
03-05-2012,4.982392904
03-06-2012,4.987841352
03-07-2012,4.949112885
03-08-2012,4.934979495
03-09-2012,4.872297847
03-10-2012,4.841423805
03-11-2012,4.892028752
03-12-2012,4.910839379
3/13/2012,5.290880279
3/14/2012,5.390543292
3/15/2012,5.340820899
3/16/2012,5.339574791
3/17/2012,5.236003554
3/18/2012,5.270148985
3/19/2012,4.678672553
3/20/2012,4.830830216
3/21/2012,4.817229525
3/22/2012,4.729608505
3/23/2012,4.691643177
3/24/2012,4.651986266
3/25/2012,4.552270262
3/26/2012,4.63272236
3/27/2012,4.811340735
3/28/2012,4.790589392
3/29/2012,4.794066572
3/30/2012,4.861409357
3/31/2012,4.889776873
04-01-2012,4.793325677
04-02-2012,4.983045479
04-03-2012,4.956233193
04-04-2012,4.917842178
04-05-2012,4.920849245
04-06-2012,4.949107432
04-07-2012,4.70971191
04-08-2012,4.778818849
04-09-2012,4.852547381
04-10-2012,4.841417594
04-11-2012,4.915250717
04-12-2012,4.901158147
4/13/2012,4.934406733
4/14/2012,4.956364661
4/15/2012,4.961600338
4/16/2012,4.950764569
4/17/2012,4.968744508
4/18/2012,5.124377443
4/19/2012,5.130906511
4/20/2012,5.366515968
4/21/2012,5.282550339
4/22/2012,5.195608995
4/23/2012,5.110888192
4/24/2012,5.087867262
4/25/2012,5.148816245
4/26/2012,5.097419286
4/27/2012,5.09588734
4/28/2012,4.970736653
4/29/2012,4.902606178
4/30/2012,4.94211681
05-01-2012,4.987137227
05-02-2012,5.053437354
05-03-2012,5.118872979
05-04-2012,5.085507088
05-05-2012,5.056639565
05-06-2012,5.047800773
05-07-2012,5.067555867
05-08-2012,5.023466423
05-09-2012,5.041306236
05-10-2012,4.92748872
05-11-2012,4.963709977
05-12-2012,4.946532235
5/13/2012,4.944795054
5/14/2012,5.011435922
5/15/2012,5.0336404
5/16/2012,5.087784509
5/17/2012,5.089661686
5/18/2012,5.118301483
5/19/2012,5.112545811
5/20/2012,5.094200968
5/21/2012,5.09422131
5/22/2012,5.089139189
5/23/2012,5.1288589
5/24/2012,5.119157759
5/25/2012,5.137276807
5/26/2012,5.103978805
5/27/2012,5.134616135
5/28/2012,5.136325419
5/29/2012,5.148470698
5/30/2012,5.138264569
5/31/2012,5.181639721
06-01-2012,5.266943758
06-02-2012,5.24363906
06-03-2012,5.212704985
06-04-2012,5.258765857
06-05-2012,5.426014295
06-06-2012,5.446169422
06-07-2012,5.58716981
06-08-2012,5.622529102
06-09-2012,5.557002335
06-10-2012,5.457893569
06-11-2012,5.586996982
06-12-2012,5.727491299
6/13/2012,5.909301324
6/14/2012,5.962023182
6/15/2012,6.523380719
6/16/2012,6.444158282
6/17/2012,6.199966488
6/18/2012,6.310844669
6/19/2012,6.494826716
6/20/2012,6.693551056
6/21/2012,6.672262504
6/22/2012,6.563761698
6/23/2012,6.447541689
6/24/2012,6.350494039
6/25/2012,6.31747363
6/26/2012,6.432860829
6/27/2012,6.615713402
6/28/2012,6.590064633
6/29/2012,6.658776757
6/30/2012,6.680427623
07-01-2012,6.626860092
07-02-2012,6.743478051
07-03-2012,6.449992403
07-04-2012,6.514835333
07-05-2012,6.642398604
07-06-2012,6.672181189
07-07-2012,6.808273712
07-08-2012,6.796317688
07-09-2012,7.032395886
07-10-2012,7.178580036
07-11-2012,7.185147789
07-12-2012,7.55593565
7/13/2012,7.630921256
7/14/2012,7.580129178
7/15/2012,7.62723486
7/16/2012,8.493405677
7/17/2012,8.751984855
7/18/2012,9.095192686
7/19/2012,8.879533414
7/20/2012,8.532450679
7/21/2012,8.875645841
7/22/2012,8.506562544
7/23/2012,8.531211269
7/24/2012,8.574585171
7/25/2012,8.769347273
7/26/2012,8.875765046
7/27/2012,8.891459894
7/28/2012,8.842560894
7/29/2012,8.747680659
7/30/2012,9.088317249
7/31/2012,9.320998402
08-01-2012,9.568020904
08-02-2012,10.5510397
08-03-2012,10.91586475
08-04-2012,10.91971488
08-05-2012,10.80511738
08-06-2012,10.8694465
08-07-2012,10.94127944
08-08-2012,11.0703916
08-09-2012,11.10372474
08-10-2012,11.4475688
08-11-2012,11.54253553
08-12-2012,11.59255239
8/13/2012,11.98496299
8/14/2012,12.18709748
8/15/2012,13.17007735
8/16/2012,13.45079082
8/17/2012,12.07700554
8/18/2012,11.57750716
8/19/2012,7.830621842
8/20/2012,9.979876649
8/21/2012,9.902982018
8/22/2012,9.772554579
8/23/2012,10.08865743
8/24/2012,10.59404259
8/25/2012,10.58367667
8/26/2012,10.54553074
8/27/2012,10.90038008
8/28/2012,10.93295853
8/29/2012,10.8677839
8/30/2012,10.72774884
8/31/2012,10.10240982
09-01-2012,10.00653294
09-02-2012,10.2261162
09-03-2012,10.49713431
09-04-2012,10.36400189
09-05-2012,11.02552288
09-06-2012,11.16076902
09-07-2012,11.07612234
09-08-2012,11.04327003
09-09-2012,11.06209549
09-10-2012,11.1252888
09-11-2012,11.26809296
09-12-2012,11.31528591
9/13/2012,11.38029929
9/14/2012,11.73010762
9/15/2012,11.71839342
9/16/2012,11.88691122
9/17/2012,11.90831716
9/18/2012,12.25965084
9/19/2012,12.5048541
9/20/2012,12.36717665
9/21/2012,12.33365784
9/22/2012,12.21372763
9/23/2012,12.16546303
9/24/2012,12.11358872
9/25/2012,12.18240539
9/26/2012,12.31981686
9/27/2012,12.3187514
9/28/2012,12.38145739
9/29/2012,12.40475151
9/30/2012,12.39162247
10-01-2012,12.38939516
10-02-2012,12.8072381
10-03-2012,12.95543049
10-04-2012,12.86238578
10-05-2012,12.75221942
10-06-2012,12.50512971
10-07-2012,11.87399709
10-08-2012,11.73332975
10-09-2012,11.82866344
10-10-2012,12.10918848
10-11-2012,12.06755181
10-12-2012,12.02806816
10/13/2012,11.92680383
10/14/2012,11.65057796
10/15/2012,11.90830953
10/16/2012,11.84801807
10/17/2012,11.91938816
10/18/2012,11.92593284
10/19/2012,11.7574858
10/20/2012,11.69437755
10/21/2012,11.65741141
10/22/2012,11.74107791
10/23/2012,11.70778173
10/24/2012,11.63435239
10/25/2012,10.75362982
10/26/2012,10.13061949
10/27/2012,10.4581863
10/28/2012,10.70996208
10/29/2012,10.63073898
10/30/2012,10.85932306
10/31/2012,11.14607184
11-01-2012,10.61353575
11-02-2012,10.53050364
11-03-2012,10.65074702
11-04-2012,10.79688289
11-05-2012,10.74082074
11-06-2012,10.8681975
11-07-2012,10.95409894
11-08-2012,10.89269937
11-09-2012,10.81586722
11-10-2012,10.86326044
11-11-2012,10.84184064
11-12-2012,11.03134246
11/13/2012,10.99800278
11/14/2012,10.95895242
11/15/2012,11.17510986
11/16/2012,11.70504483
11/17/2012,11.7500424
11/18/2012,11.66563103
11/19/2012,11.75052935
11/20/2012,11.69917032
11/21/2012,11.72913518
11/22/2012,12.29199795
11/23/2012,12.28028762
11/24/2012,12.4132044
11/25/2012,12.52968949
11/26/2012,12.18462624
11/27/2012,12.15927538
11/28/2012,12.33165983
11/29/2012,12.49766165
11/30/2012,12.58613893
12-01-2012,12.59238687
12-02-2012,12.49794476
12-03-2012,12.65695784
12-04-2012,13.36958958
12-05-2012,13.31275022
12-06-2012,13.47792454
12-07-2012,13.47728245
12-08-2012,13.49998441
12-09-2012,13.34651089
12-10-2012,13.49225658
12-11-2012,13.61541567
12-12-2012,13.66821364
12/13/2012,13.75525152
12/14/2012,13.60092225
12/15/2012,13.53094829
12/16/2012,13.33286108
12/17/2012,13.32007195
12/18/2012,13.27203387
12/19/2012,13.53854318
12/20/2012,13.57002703
12/21/2012,13.428968
12/22/2012,13.42721391
12/23/2012,13.31810576
12/24/2012,13.42666267
12/25/2012,13.365567
12/26/2012,13.45469902
12/27/2012,13.39930318
12/28/2012,13.45550722
12/29/2012,13.37400386
12/30/2012,13.4450138
12/31/2012,13.54555244
01-01-2013,13.33137142
01-02-2013,13.28060681
01-03-2013,13.38408115
01-04-2013,13.45172115
01-05-2013,13.45940677
01-06-2013,13.50449651
01-07-2013,13.55606166
01-08-2013,13.78035063
01-09-2013,13.82095526
01-10-2013,14.12317286
01-11-2013,14.22762112
01-12-2013,14.21428566
1/13/2013,14.16078827
1/14/2013,14.31797032
1/15/2013,14.31363775
1/16/2013,14.70781405
1/17/2013,15.59859974
1/18/2013,15.71579112
1/19/2013,15.5881264
1/20/2013,15.71959214
1/21/2013,16.78101952
1/22/2013,17.30017884
1/23/2013,17.53639542
1/24/2013,16.90108607
1/25/2013,17.40720203
1/26/2013,17.55362918
1/27/2013,17.86462801
1/28/2013,18.79426487
1/29/2013,19.51471419
1/30/2013,19.73744669
1/31/2013,20.51164303
02-01-2013,20.44309196
02-02-2013,19.63590171
02-03-2013,20.57893968
02-04-2013,20.44048796
02-05-2013,20.65934473
02-06-2013,21.20856553
02-07-2013,22.11776518
02-08-2013,22.78736505
02-09-2013,23.73386015
02-10-2013,23.90028936
02-11-2013,24.49727269
02-12-2013,24.97973641
2/13/2013,24.64165093
2/14/2013,27.28238982
2/15/2013,27.17126923
2/16/2013,27.34616356
2/17/2013,26.92725138
2/18/2013,26.92886764
2/19/2013,29.41362438
2/20/2013,29.81980723
2/21/2013,29.81806892
2/22/2013,30.47265653
2/23/2013,29.80645455
2/24/2013,29.88284849
2/25/2013,30.35203309
2/26/2013,31.15553735
2/27/2013,31.24026108
2/28/2013,33.37529394
03-01-2013,34.60625703
03-02-2013,34.14351592
03-03-2013,34.45174048
03-04-2013,36.37626525
03-05-2013,40.67295399
03-06-2013,43.28499619
03-07-2013,41.94744072
03-08-2013,43.90292891
03-09-2013,46.88858661
03-10-2013,46.06603846
03-11-2013,48.27507458
03-12-2013,44.41354526
3/13/2013,47.01619085
3/14/2013,46.92556255
3/15/2013,46.90251725
3/16/2013,47.1570157
3/17/2013,47.33349978
3/18/2013,51.36543639
3/19/2013,59.49860111
3/20/2013,63.6874855
3/21/2013,70.91752501
3/22/2013,69.84608454
3/23/2013,64.38311637
3/24/2013,71.69042421
3/25/2013,74.31408925
3/26/2013,78.61419743
3/27/2013,88.85207991
3/28/2013,87.67317396
3/29/2013,90.29569936
3/30/2013,92.18995999
3/31/2013,93.89923842
04-01-2013,103.5803469
04-02-2013,116.6799442
04-03-2013,131.3848094
04-04-2013,133.0071205
04-05-2013,142.6260655
04-06-2013,143.081823
04-07-2013,162.8522146
04-08-2013,186.3511618
04-09-2013,230.6829967
04-10-2013,161.1928897
04-11-2013,82.90158504
04-12-2013,111.4763732
4/13/2013,97.60907187
4/14/2013,88.8614914
4/15/2013,80.87469317
4/16/2013,68.28313873
4/17/2013,92.86403691
4/18/2013,108.6283451
4/19/2013,119.0122832
4/20/2013,128.2082889
4/21/2013,118.4832438
4/22/2013,126.3142718
4/23/2013,142.1272181
4/24/2013,154.1332778
4/25/2013,141.0086593
4/26/2013,137.2096004
4/27/2013,128.2266696
4/28/2013,134.6235696
4/29/2013,143.8103782
4/30/2013,139.1296475
05-01-2013,116.113801
05-02-2013,106.3409847
05-03-2013,96.31684027
05-04-2013,112.4976364
05-05-2013,116.4887158
05-06-2013,112.1185962
05-07-2013,111.6092129
05-08-2013,113.1360619
05-09-2013,111.9745327
05-10-2013,117.6910369
05-11-2013,115.4997777
05-12-2013,114.8856756
5/13/2013,117.4044566
5/14/2013,107.8655666
5/15/2013,108.9868524
5/16/2013,112.9178741
5/17/2013,117.284616
5/18/2013,118.1698767
5/19/2013,117.0338802
5/20/2013,117.8186365
5/21/2013,117.2520409
5/22/2013,118.9781736
5/23/2013,123.726156
5/24/2013,128.9710807
5/25/2013,128.8449153
5/26/2013,130.1586011
5/27/2013,126.3929059
5/28/2013,125.9045953
5/29/2013,129.5648124
5/30/2013,126.5130684
5/31/2013,127.8164889
06-01-2013,128.7911511
06-02-2013,122.6267089
06-03-2013,122.9491879
06-04-2013,120.1899687
06-05-2013,120.8699238
06-06-2013,119.0539757
06-07-2013,110.1977314
06-08-2013,109.1785453
06-09-2013,99.90360345
06-10-2013,104.3575666
06-11-2013,107.5075205
06-12-2013,106.3781163
6/13/2013,101.3238977
6/14/2013,99.2132443
6/15/2013,99.87503741
6/16/2013,99.03835126
6/17/2013,100.1263051
6/18/2013,104.2891764
6/19/2013,104.4171508
6/20/2013,104.3234997
6/21/2013,101.4168574
6/22/2013,100.0395085
6/23/2013,100.3147446
6/24/2013,99.04568323
6/25/2013,97.83278872
6/26/2013,98.65170076
6/27/2013,96.8039496
6/28/2013,89.42450672
6/29/2013,88.79729106
6/30/2013,89.48090766
07-01-2013,82.86757013
07-02-2013,87.81646669
07-03-2013,77.6913308
07-04-2013,79.13487084
07-05-2013,67.44762385
07-06-2013,66.34168089
07-07-2013,72.10952237
07-08-2013,73.98855377
07-09-2013,74.89191087
07-10-2013,85.01367914
07-11-2013,87.49754939
07-12-2013,90.04669871
7/13/2013,91.5925979
7/14/2013,89.89226928
7/15/2013,93.79615254
7/16/2013,91.78103565
7/17/2013,91.03135126
7/18/2013,84.96172912
7/19/2013,86.2387946
7/20/2013,84.91085915
7/21/2013,85.66435026
7/22/2013,85.64902864
7/23/2013,86.97705669
7/24/2013,88.15173057
7/25/2013,90.16609223
7/26/2013,89.98398597
7/27/2013,88.16527586
7/28/2013,92.7458422
7/29/2013,93.29869725
7/30/2013,96.65955289
7/31/2013,98.02441993
08-01-2013,96.56801783
08-02-2013,96.07453068
08-03-2013,95.50670953
08-04-2013,96.36548217
08-05-2013,97.52713384
08-06-2013,97.6712066
08-07-2013,97.0542069
08-08-2013,94.25727177
08-09-2013,92.47277674
08-10-2013,93.29355289
08-11-2013,94.27131239
08-12-2013,95.44647078
8/13/2013,97.75907508
8/14/2013,99.12128755
8/15/2013,98.10633314
8/16/2013,98.29096026
8/17/2013,99.63050438
8/18/2013,99.17803974
8/19/2013,102.7840123
8/20/2013,104.500211
8/21/2013,110.8016037
8/22/2013,109.5232168
8/23/2013,107.6975716
8/24/2013,108.882675
8/25/2013,113.0825634
8/26/2013,112.1181148
8/27/2013,117.7597908
8/28/2013,118.3174144
8/29/2013,118.8356382
8/30/2013,124.8853796
8/31/2013,128.377979
09-01-2013,130.536372
09-02-2013,129.5653717
09-03-2013,129.1828036
09-04-2013,122.5292387
09-05-2013,122.370085
09-06-2013,117.8611464
09-07-2013,119.8149895
09-08-2013,118.0573863
09-09-2013,121.2592726
09-10-2013,122.2155302
09-11-2013,127.0882271
09-12-2013,126.7807236
9/13/2013,127.4077452
9/14/2013,124.3484775
9/15/2013,125.0764179
9/16/2013,126.204666
9/17/2013,126.8972501
9/18/2013,126.9038194
9/19/2013,124.1809573
9/20/2013,122.9216359
9/21/2013,123.5082569
9/22/2013,123.1249351
9/23/2013,122.865699
9/24/2013,123.7973577
9/25/2013,123.6140786
9/26/2013,124.6856745
9/27/2013,126.6053477
9/28/2013,126.7965517
9/29/2013,127.1086277
9/30/2013,126.0902618
10-01-2013,127.5754243
10-02-2013,104.1050929
10-03-2013,117.575495
10-04-2013,121.9303477
10-05-2013,121.3934027
10-06-2013,122.4752613
10-07-2013,123.9068726
10-08-2013,124.7665289
10-09-2013,125.9335203
10-10-2013,126.7046505
10-11-2013,127.2552992
10-12-2013,127.851263
10/13/2013,132.4156587
10/14/2013,135.3391949
10/15/2013,141.4939085
10/16/2013,138.3279219
10/17/2013,143.7471338
10/18/2013,152.7755722
10/19/2013,165.7727171
10/20/2013,166.5001511
10/21/2013,179.9106286
10/22/2013,190.4027814
10/23/2013,204.600351
10/24/2013,194.4100438
10/25/2013,185.6437876
10/26/2013,179.808218
10/27/2013,194.5461333
10/28/2013,196.2746873
10/29/2013,204.4281742
10/30/2013,197.9005994
10/31/2013,203.2836499
11-01-2013,203.0371098
11-02-2013,204.7928814
11-03-2013,210.2753826
11-04-2013,228.7910389
11-05-2013,243.6416689
11-06-2013,263.209584
11-07-2013,290.1242262
11-08-2013,333.7506565
11-09-2013,331.0511485
11-10-2013,327.5586535
11-11-2013,342.6976929
11-12-2013,354.6454883
11/13/2013,394.5044952
11/14/2013,416.7063033
11/15/2013,408.3987973
11/16/2013,435.7984428
11/17/2013,485.3365769
11/18/2013,657.7785039
11/19/2013,546.8783973
11/20/2013,595.3390996
11/21/2013,720.7644253
11/22/2013,802.9169337
11/23/2013,834.29534
11/24/2013,807.1666955
11/25/2013,816.2433866
11/26/2013,916.0971601
11/27/2013,962.9105609
11/28/2013,1007.387164
11/29/2013,1128.725488
11/30/2013,1119.296715
12-01-2013,964.4857937
12-02-2013,1040.808218
12-03-2013,1053.621027
12-04-2013,1134.932231
12-05-2013,1027.411773
12-06-2013,824.5817103
12-07-2013,703.748376
12-08-2013,783.5733483
12-09-2013,896.0792899
12-10-2013,977.1653673
12-11-2013,875.4640343
12-12-2013,873.324806
12/13/2013,879.1561353
12/14/2013,852.8561205
12/15/2013,864.0616579
12/16/2013,677.8941068
12/17/2013,682.6267727
12/18/2013,526.1209763
12/19/2013,685.525129
12/20/2013,600.2169543
12/21/2013,597.0335025
12/22/2013,615.0130353
12/23/2013,657.9266342
12/24/2013,650.6647452
12/25/2013,678.2901581
12/26/2013,749.996595
12/27/2013,722.5705675
12/28/2013,715.8523631
12/29/2013,727.2712157
12/30/2013,735.7419971
12/31/2013,729.5575829
01-01-2014,752.4045499
01-02-2014,784.9549213
01-03-2014,807.222939
01-04-2014,828.6020626
01-05-2014,902.4873803
01-06-2014,914.4599608
01-07-2014,803.3517962
01-08-2014,820.6900095
01-09-2014,831.3347505
01-10-2014,853.2988548
01-11-2014,889.5558371
01-12-2014,845.1913322
1/13/2014,822.8770122
1/14/2014,815.2936027
1/15/2014,841.0898574
1/16/2014,815.8548003
1/17/2014,792.8295065
1/18/2014,809.7835284
1/19/2014,838.4284747
1/20/2014,828.8852166
1/21/2014,823.8179638
1/22/2014,818.9763863
1/23/2014,810.9224252
1/24/2014,781.042514
1/25/2014,804.4032408
1/26/2014,814.4993814
1/27/2014,742.701375
1/28/2014,790.1764019
1/29/2014,793.3844249
1/30/2014,799.4744798
1/31/2014,803.2375988
02-01-2014,813.2195492
02-02-2014,814.4908704
02-03-2014,806.9974284
02-04-2014,800.0782319
02-05-2014,784.4736928
02-06-2014,763.5693822
02-07-2014,711.5712734
02-08-2014,677.6823009
02-09-2014,687.4060546
02-10-2014,685.4574988
02-11-2014,671.8996917
02-12-2014,653.7657809
2/13/2014,612.918415
2/14/2014,668.7886027
2/15/2014,654.3770602
2/16/2014,623.2503219
2/17/2014,631.3345963
2/18/2014,627.2717614
2/19/2014,623.5401369
2/20/2014,563.7685611
2/21/2014,580.324316
2/22/2014,607.1246333
2/23/2014,610.0823237
2/24/2014,542.2666508
2/25/2014,533.7076444
2/26/2014,587.5785883
2/27/2014,585.3939257
2/28/2014,551.2947703
03-01-2014,567.5342354
03-02-2014,558.5277072
03-03-2014,676.5057328
03-04-2014,674.5113994
03-05-2014,670.3388511
03-06-2014,667.712834
03-07-2014,631.7702952
03-08-2014,621.5241145
03-09-2014,640.5788893
03-10-2014,628.1512412
03-11-2014,633.7338382
03-12-2014,634.6468237
3/13/2014,643.4321009
3/14/2014,628.30859
3/15/2014,636.2186501
3/16/2014,634.168901
3/17/2014,622.7602086
3/18/2014,614.3095137
3/19/2014,610.5112035
3/20/2014,586.6075957
3/21/2014,569.694518
3/22/2014,564.7000267
3/23/2014,558.9588617
3/24/2014,585.0232505
3/25/2014,583.7711891
3/26/2014,579.2438504
3/27/2014,483.1640126
3/28/2014,498.6613289
3/29/2014,489.5170235
3/30/2014,458.9663283
3/31/2014,455.3553541
04-01-2014,479.0084659
04-02-2014,439.0114925
04-03-2014,449.4411515
04-04-2014,449.7198697
04-05-2014,461.6753315
04-06-2014,458.6334805
04-07-2014,448.6552751
04-08-2014,452.8030988
04-09-2014,442.8379849
04-10-2014,366.9118661
04-11-2014,421.9435281
04-12-2014,424.2742126
4/13/2014,416.3623217
4/14/2014,461.1082466
4/15/2014,521.6152996
4/16/2014,531.4818467
4/17/2014,499.8375515
4/18/2014,483.0200135
4/19/2014,504.3655952
4/20/2014,501.5571844
4/21/2014,498.0845303
4/22/2014,489.50351
4/23/2014,490.6329675
4/24/2014,503.291801
4/25/2014,466.4261713
4/26/2014,459.2267098
4/27/2014,438.7093637
4/28/2014,441.5478055
4/29/2014,447.7099308
4/30/2014,448.8757155
05-01-2014,460.1946983
05-02-2014,452.2397798
05-03-2014,438.978588
05-04-2014,436.6753986
05-05-2014,432.338179
05-06-2014,430.1282054
05-07-2014,442.1828761
05-08-2014,440.4027627
05-09-2014,452.6979997
05-10-2014,456.7558463
05-11-2014,439.114476
05-12-2014,441.2809556
5/13/2014,439.005775
5/14/2014,444.8482057
5/15/2014,446.9615587
5/16/2014,448.7421537
5/17/2014,449.2222893
5/18/2014,446.9626414
5/19/2014,447.4048568
5/20/2014,490.3356482
5/21/2014,493.9334918
5/22/2014,526.8142884
5/23/2014,523.6993203
5/24/2014,527.6912431
5/25/2014,573.3124588
5/26/2014,584.8479749
5/27/2014,573.9282692
5/28/2014,579.1893188
5/29/2014,570.3493109
5/30/2014,620.8463606
5/31/2014,627.8924207
06-01-2014,630.0749535
06-02-2014,663.5057238
06-03-2014,672.3878971
06-04-2014,643.8873688
06-05-2014,661.5035582
06-06-2014,650.1333159
06-07-2014,656.8002718
06-08-2014,657.8199749
06-09-2014,648.3363223
06-10-2014,650.9366096
06-11-2014,631.4890222
06-12-2014,591.9750771
6/13/2014,597.0449997
6/14/2014,575.5594617
6/15/2014,589.7246464
6/16/2014,590.5674822
6/17/2014,609.0800029
6/18/2014,607.629796
6/19/2014,595.7514769
6/20/2014,591.5315228
6/21/2014,592.7643495
6/22/2014,599.6346335
6/23/2014,589.5522998
6/24/2014,579.9737186
6/25/2014,562.23678
6/26/2014,580.7492303
6/27/2014,600.6383054
6/28/2014,594.3903042
6/29/2014,600.8405184
6/30/2014,638.946114
07-01-2014,642.9565967
07-02-2014,651.2983477
07-03-2014,646.4133891
07-04-2014,630.6355029
07-05-2014,630.4683419
07-06-2014,634.6726745
07-07-2014,622.854979
07-08-2014,624.8943311
07-09-2014,621.9390918
07-10-2014,616.5228498
07-11-2014,634.4943781
07-12-2014,636.9239579
7/13/2014,629.8757504
7/14/2014,619.1974591
7/15/2014,621.9346014
7/16/2014,616.3518822
7/17/2014,624.259275
7/18/2014,630.7501403
7/19/2014,629.1733644
7/20/2014,625.2486762
7/21/2014,621.3053314
7/22/2014,619.8232645
7/23/2014,619.7728168
7/24/2014,602.8796455
7/25/2014,601.5785143
7/26/2014,594.7026072
7/27/2014,591.5754442
7/28/2014,587.493005
7/29/2014,584.1123933
7/30/2014,562.9146251
7/31/2014,581.975562
08-01-2014,596.5067592
08-02-2014,589.7572615
08-03-2014,586.7537367
08-04-2014,587.6083355
08-05-2014,581.8819886
08-06-2014,582.2483714
08-07-2014,586.0466335
08-08-2014,589.0244126
08-09-2014,588.9785213
08-10-2014,589.373502
08-11-2014,573.4414839
08-12-2014,568.3075202
8/13/2014,548.3701753
8/14/2014,505.1074997
8/15/2014,500.3230601
8/16/2014,521.7479629
8/17/2014,497.764659
8/18/2014,468.9579182
8/19/2014,486.7943507
8/20/2014,515.1203539
8/21/2014,519.3078521
8/22/2014,516.1593688
8/23/2014,497.1257595
8/24/2014,508.430742
8/25/2014,501.6102867
8/26/2014,511.8523217
8/27/2014,510.1623238
8/28/2014,506.2851517
8/29/2014,508.8665719
8/30/2014,501.2757233
8/31/2014,478.5114255
09-01-2014,474.5414898
09-02-2014,474.4306707
09-03-2014,473.9592034
09-04-2014,489.5552013
09-05-2014,478.7497829
09-06-2014,480.6424918
09-07-2014,478.3655009
09-08-2014,468.9754959
09-09-2014,473.5120272
09-10-2014,477.7784176
09-11-2014,477.2706821
09-12-2014,473.9972823
9/13/2014,477.960974
9/14/2014,475.648064
9/15/2014,472.6556297
9/16/2014,464.1777545
9/17/2014,456.3398913
9/18/2014,426.880107
9/19/2014,393.8938907
9/20/2014,411.0413428
9/21/2014,400.4045307
9/22/2014,400.8816222
9/23/2014,438.491801
9/24/2014,423.7000918
9/25/2014,409.5377499
9/26/2014,405.2982519
9/27/2014,400.5993346
9/28/2014,375.5499898
9/29/2014,373.0645579
9/30/2014,389.2640404
10-01-2014,382.9093659
10-02-2014,372.525699
10-03-2014,357.6657136
10-04-2014,328.8261131
10-05-2014,322.8262615
10-06-2014,326.8035327
10-07-2014,333.5701949
10-08-2014,354.4073343
10-09-2014,361.7164249
10-10-2014,358.8903908
10-11-2014,361.908377
10-12-2014,377.8712437
10/13/2014,391.9942089
10/14/2014,400.8805921
10/15/2014,394.6258799
10/16/2014,382.3214763
10/17/2014,382.2007896
10/18/2014,391.2931771
10/19/2014,388.684498
10/20/2014,381.1908586
10/21/2014,385.2046335
10/22/2014,380.7787633
10/23/2014,357.3447931
10/24/2014,357.488434
10/25/2014,345.8112466
10/26/2014,353.0819562
10/27/2014,350.0157119
10/28/2014,354.6538051
10/29/2014,333.5993501
10/30/2014,344.6093822
10/31/2014,337.1829126
11-01-2014,324.371315
11-02-2014,324.2485666
11-03-2014,325.3618656
11-04-2014,329.657704
11-05-2014,338.8057653
11-06-2014,349.6899117
11-07-2014,342.1332881
11-08-2014,345.7163326
11-09-2014,363.6100517
11-10-2014,365.5022539
11-11-2014,367.825467
11-12-2014,422.5914196
11/13/2014,421.9144717
11/14/2014,398.3888828
11/15/2014,377.9938407
11/16/2014,390.2058235
11/17/2014,387.5010316
11/18/2014,373.8645646
11/19/2014,377.613398
11/20/2014,356.1812653
11/21/2014,350.7488589
11/22/2014,352.4555146
11/23/2014,367.7732423
11/24/2014,376.9942238
11/25/2014,376.75563
11/26/2014,367.5302081
11/27/2014,369.5302274
11/28/2014,377.8969319
11/29/2014,376.0763355
11/30/2014,378.6903971
12-01-2014,379.111979
12-02-2014,382.9467963
12-03-2014,375.9160193
12-04-2014,368.8455681
12-05-2014,378.4283296
12-06-2014,375.1379512
12-07-2014,376.6397931
12-08-2014,363.2156768
12-09-2014,351.1068378
12-10-2014,347.8813939
12-11-2014,348.5930061
12-12-2014,353.1906125
12/13/2014,349.2429451
12/14/2014,356.0797215
12/15/2014,347.0951815
12/16/2014,328.6133203
12/17/2014,320.2976134
12/18/2014,313.5116512
12/19/2014,318.2428887
12/20/2014,330.0657583
12/21/2014,320.9926701
12/22/2014,331.8425845
12/23/2014,336.0841286
12/24/2014,323.0322978
12/25/2014,318.9961444
12/26/2014,329.2103419
12/27/2014,315.9684439
12/28/2014,317.0104804
12/29/2014,313.0655316
12/30/2014,310.4420041
12/31/2014,320.6622873
01-01-2015,314.7764719
01-02-2015,315.9427317
01-03-2015,285.6473098
01-04-2015,263.3345748
01-05-2015,275.0038515
01-06-2015,287.549521
01-07-2015,297.5355652
01-08-2015,284.3423919
01-09-2015,292.5011146
01-10-2015,276.2305321
01-11-2015,268.7555155
01-12-2015,268.617232
1/13/2015,224.1081178
1/14/2015,175.6376406
1/15/2015,212.3410114
1/16/2015,207.5952049
1/17/2015,199.8248366
1/18/2015,211.1325184
1/19/2015,216.8946949
1/20/2015,211.9198539
1/21/2015,227.9042104
1/22/2015,233.6473828
1/23/2015,233.1328524
1/24/2015,249.0821239
1/25/2015,254.5179413
1/26/2015,273.9522449
1/27/2015,264.7538045
1/28/2015,235.7358404
1/29/2015,233.9573735
1/30/2015,228.8961899
1/31/2015,217.332156
02-01-2015,227.1113013
02-02-2015,240.0924199
02-03-2015,227.7756958
02-04-2015,226.7811341
02-05-2015,217.0111511
02-06-2015,222.7249693
02-07-2015,228.6471274
02-08-2015,224.0359889
02-09-2015,220.7684939
02-10-2015,220.8881543
02-11-2015,219.4958597
02-12-2015,222.5832279
2/13/2015,236.5553638
2/14/2015,257.6276958
2/15/2015,234.445803
2/16/2015,235.0861268
2/17/2015,243.9057943
2/18/2015,235.9952323
2/19/2015,241.8722539
2/20/2015,245.5307753
2/21/2015,245.5960026
2/22/2015,236.6906683
2/23/2015,239.0660178
2/24/2015,239.8692621
2/25/2015,238.236111
2/26/2015,237.0444024
2/27/2015,255.1167744
2/28/2015,254.9484486
03-01-2015,260.6513308
03-02-2015,276.3226137
03-03-2015,282.7059009
03-04-2015,273.4475365
03-05-2015,276.2688092
03-06-2015,273.3181148
03-07-2015,276.4033574
03-08-2015,275.3380339
03-09-2015,290.130059
03-10-2015,292.3203831
03-11-2015,296.6933293
03-12-2015,295.8003448
3/13/2015,285.9110263
3/14/2015,283.6083063
3/15/2015,287.270142
3/16/2015,291.3921181
3/17/2015,285.2483966
3/18/2015,257.2861601
3/19/2015,262.092948
3/20/2015,262.9664921
3/21/2015,261.1842975
3/22/2015,268.8994158
3/23/2015,266.777993
3/24/2015,246.835083
3/25/2015,246.7191368
3/26/2015,249.5329936
3/27/2015,247.3788983
3/28/2015,253.231614
3/29/2015,242.9676143
3/30/2015,248.3369345
3/31/2015,244.7124857
04-01-2015,247.1858194
04-02-2015,253.6300704
04-03-2015,254.8331636
04-04-2015,253.9458486
04-05-2015,261.1121362
04-06-2015,256.3673869
04-07-2015,254.831898
04-08-2015,245.8252104
04-09-2015,243.8606362
04-10-2015,235.8719006
04-11-2015,237.4090678
04-12-2015,237.1410424
4/13/2015,225.5056359
4/14/2015,219.7572367
4/15/2015,223.3139079
4/16/2015,228.4938153
4/17/2015,222.7850602
4/18/2015,223.3980441
4/19/2015,223.2841353
4/20/2015,224.8949036
4/21/2015,234.9393565
4/22/2015,233.8224188
4/23/2015,235.9332937
4/24/2015,231.4585923
4/25/2015,226.445993
4/26/2015,220.5034068
4/27/2015,227.3259904
4/28/2015,225.5493688
4/29/2015,225.6692884
4/30/2015,236.327976
05-01-2015,232.7465827
05-02-2015,235.5400771
05-03-2015,240.464249
05-04-2015,238.9766613
05-05-2015,236.0233834
05-06-2015,229.4812193
05-07-2015,237.1306873
05-08-2015,244.3834728
05-09-2015,242.70595
05-10-2015,240.7314839
05-11-2015,242.2498372
05-12-2015,242.2090921
5/13/2015,236.5502659
5/14/2015,236.9489167
5/15/2015,237.4845023
5/16/2015,235.8121344
5/17/2015,236.9636829
5/18/2015,232.8838496
5/19/2015,231.9744468
5/20/2015,234.1903063
5/21/2015,235.5538217
5/22/2015,240.3232037
5/23/2015,238.9632817
5/24/2015,240.7117583
5/25/2015,237.0035432
5/26/2015,236.7962613
5/27/2015,237.2035964
5/28/2015,236.9568819
5/29/2015,236.6465266
5/30/2015,232.78877
5/31/2015,229.4505479
06-01-2015,223.2827019
06-02-2015,225.320801
06-03-2015,225.2130634
06-04-2015,223.5400769
06-05-2015,224.7310719
06-06-2015,225.1605132
06-07-2015,223.4116859
06-08-2015,228.7742914
06-09-2015,229.3705295
06-10-2015,228.5884874
06-11-2015,229.5844117
06-12-2015,229.8112185
6/13/2015,233.0153445
6/14/2015,232.5071087
6/15/2015,236.7909629
6/16/2015,251.4326768
6/17/2015,247.9693177
6/18/2015,249.0124795
6/19/2015,244.8034842
6/20/2015,245.5825132
6/21/2015,244.3002601
6/22/2015,247.0178925
6/23/2015,244.1847633
6/24/2015,240.4515453
6/25/2015,242.3478577
6/26/2015,242.9679974
6/27/2015,251.5293267
6/28/2015,249.0582858
6/29/2015,256.6502224
6/30/2015,263.8543569
07-01-2015,258.0426476
07-02-2015,254.7471134
07-03-2015,256.0870428
07-04-2015,260.5092396
07-05-2015,271.3024582
07-06-2015,269.1379401
07-07-2015,266.4699191
07-08-2015,270.5761429
07-09-2015,269.6803048
07-10-2015,285.5587808
07-11-2015,293.9174538
07-12-2015,311.4818799
7/13/2015,292.6492238
7/14/2015,287.7409515
7/15/2015,285.9228854
7/16/2015,278.5327493
7/17/2015,280.0647247
7/18/2015,277.3546353
7/19/2015,275.2819895
7/20/2015,279.114393
7/21/2015,276.6524126
7/22/2015,277.7643691
7/23/2015,276.8116286
7/24/2015,289.3059763
7/25/2015,289.50764
7/26/2015,293.3148428
7/27/2015,294.4267618
7/28/2015,295.4101253
7/29/2015,289.8558364
7/30/2015,288.2362607
7/31/2015,284.5973244
08-01-2015,281.6688463
08-02-2015,282.4230064
08-03-2015,282.1850523
08-04-2015,285.2866175
08-05-2015,282.3388869
08-06-2015,278.9957487
08-07-2015,279.4887151
08-08-2015,261.4502756
08-09-2015,266.3420205
08-10-2015,264.9288252
08-11-2015,271.4217361
08-12-2015,268.1438685
8/13/2015,264.691628
8/14/2015,266.3559416
8/15/2015,261.9368366
8/16/2015,258.9308174
8/17/2015,258.0093983
8/18/2015,217.8858831
8/19/2015,227.2182519
8/20/2015,235.5238831
8/21/2015,232.8006178
8/22/2015,230.6391733
8/23/2015,228.6730739
8/24/2015,211.9559176
8/25/2015,222.6550395
8/26/2015,226.1167002
8/27/2015,224.9398773
8/28/2015,232.1708083
8/29/2015,229.8262002
8/30/2015,229.0195725
8/31/2015,230.6894661
09-01-2015,227.9555704
09-02-2015,229.5021807
09-03-2015,227.1071216
09-04-2015,231.1775634
09-05-2015,235.9030061
09-06-2015,240.8054722
09-07-2015,240.6336157
09-08-2015,244.1749527
09-09-2015,238.7224632
09-10-2015,238.7504772
09-11-2015,240.8450081
09-12-2015,236.3518322
9/13/2015,230.5488373
9/14/2015,230.948794
9/15/2015,230.39859
9/16/2015,229.0432858
9/17/2015,233.2026978
9/18/2015,233.1751309
9/19/2015,232.2415681
9/20/2015,231.3623238
9/21/2015,226.773448
9/22/2015,230.6263048
9/23/2015,230.1324378
9/24/2015,234.3198685
9/25/2015,235.5382218
9/26/2015,234.5918144
9/27/2015,233.2433098
9/28/2015,240.0172653
9/29/2015,237.3362338
9/30/2015,236.739848
10-01-2015,238.2298139
10-02-2015,237.9370073
10-03-2015,239.7358977
10-04-2015,239.5169249
10-05-2015,240.9612138
10-06-2015,246.9404982
10-07-2015,243.7344868
10-08-2015,243.029633
10-09-2015,244.4488875
10-10-2015,245.9559243
10-11-2015,248.5281654
10-12-2015,246.0936373
10/13/2015,250.4713007
10/14/2015,253.1423255
10/15/2015,254.693015
10/16/2015,262.7373632
10/17/2015,271.9309389
10/18/2015,263.4816774
10/19/2015,264.3627282
10/20/2015,270.8322119
10/21/2015,268.0402177
10/22/2015,275.4149565
10/23/2015,278.612778
10/24/2015,283.6111429
10/25/2015,286.0496935
10/26/2015,286.7033828
10/27/2015,295.5629138
10/28/2015,304.442097
10/29/2015,314.8794623
10/30/2015,328.4923212
10/31/2015,314.1195082
11-01-2015,329.8542276
11-02-2015,364.616628
11-03-2015,400.9231052
11-04-2015,405.4816815
11-05-2015,384.341223
11-06-2015,372.9754179
11-07-2015,386.5045508
11-08-2015,372.4001297
11-09-2015,380.4956444
11-10-2015,337.8305023
11-11-2015,308.9221859
11-12-2015,337.5229886
11/13/2015,337.2789582
11/14/2015,333.0471175
11/15/2015,319.9280216
11/16/2015,331.132725
11/17/2015,335.8497861
11/18/2015,335.744505
11/19/2015,326.2321455
11/20/2015,321.9404755
11/21/2015,325.9052312
11/22/2015,323.7169661
11/23/2015,323.0125563
11/24/2015,319.9613565
11/25/2015,328.9604573
11/26/2015,356.2552925
11/27/2015,359.2688244
11/28/2015,356.5673226
11/29/2015,371.7076125
11/30/2015,377.3898399
12-01-2015,362.5323758
12-02-2015,359.2224041
12-03-2015,361.2100681
12-04-2015,363.2416318
12-05-2015,389.3629588
12-06-2015,393.3191297
12-07-2015,395.3465883
12-08-2015,413.7986604
12-09-2015,417.6326712
12-10-2015,415.7299243
12-11-2015,453.8614801
12-12-2015,435.8557224
12/13/2015,434.4034664
12/14/2015,442.9916897
12/15/2015,464.6178717
12/16/2015,454.1424924
12/17/2015,456.2401346
12/18/2015,463.1757697
12/19/2015,461.3999079
12/20/2015,442.1539901
12/21/2015,437.6401295
12/22/2015,435.268379
12/23/2015,442.6657271
12/24/2015,455.878713
12/25/2015,455.7188258
12/26/2015,418.2215316
12/27/2015,422.7058945
12/28/2015,421.0528796
12/29/2015,431.3400213
12/30/2015,426.043647
12/31/2015,429.6771534
01-01-2016,434.6780064
01-02-2016,434.4398773
01-03-2016,430.13618
01-04-2016,433.4489711
01-05-2016,432.6695026
01-06-2016,430.6778697
01-07-2016,459.2089401
01-08-2016,454.1344237
01-09-2016,449.8452162
01-10-2016,448.5802162
01-11-2016,449.033059
01-12-2016,441.7681572
1/13/2016,432.3106452
1/14/2016,429.8232247
1/15/2016,367.8231999
1/16/2016,388.0712046
1/17/2016,382.4820865
1/18/2016,384.8651666
1/19/2016,378.161725
1/20/2016,420.6229242
1/21/2016,409.2984597
1/22/2016,381.0464594
1/23/2016,386.3706026
1/24/2016,403.4469267
1/25/2016,391.9860973
1/26/2016,391.1429351
1/27/2016,394.6275304
1/28/2016,378.9009956
1/29/2016,378.9999948
1/30/2016,377.2627791
1/31/2016,366.3416876
02-01-2016,371.2234351
02-02-2016,372.9276312
02-03-2016,368.0982066
02-04-2016,389.7230812
02-05-2016,384.398414
02-06-2016,374.6315555
02-07-2016,375.1539176
02-08-2016,370.8143503
02-09-2016,373.5116129
02-10-2016,379.0826116
02-11-2016,377.6391651
02-12-2016,382.2944565
2/13/2016,389.5984325
2/14/2016,406.1506695
2/15/2016,399.2676186
2/16/2016,407.0353095
2/17/2016,415.3241134
2/18/2016,421.289663
2/19/2016,419.6265285
2/20/2016,440.1957601
2/21/2016,438.7186127
2/22/2016,437.5352951
2/23/2016,420.0325926
2/24/2016,423.9951125
2/25/2016,424.0908703
2/26/2016,431.762242
2/27/2016,432.947846
2/28/2016,433.1022627
2/29/2016,437.7758726
03-01-2016,432.8078672
03-02-2016,423.0797894
03-03-2016,419.2688213
03-04-2016,407.9901543
03-05-2016,397.3144539
03-06-2016,403.7051875
03-07-2016,413.2293662
03-08-2016,411.4259532
03-09-2016,412.5407035
03-10-2016,416.3409287
03-11-2016,419.5119342
03-12-2016,410.2641633
3/13/2016,411.8058825
3/14/2016,415.0269573
3/15/2016,415.2664003
3/16/2016,417.0241185
3/17/2016,418.6053638
3/18/2016,408.9015874
3/19/2016,409.1244299
3/20/2016,412.0569538
3/21/2016,411.6017741
3/22/2016,416.5816538
3/23/2016,417.3782995
3/24/2016,413.5602399
3/25/2016,416.3732438
3/26/2016,416.8230967
3/27/2016,425.4549598
3/28/2016,422.9174468
3/29/2016,415.8638288
3/30/2016,412.7776978
3/31/2016,415.9568112
04-01-2016,417.2006603
04-02-2016,419.7630567
04-03-2016,420.0735789
04-04-2016,419.5407279
04-05-2016,422.5013644
04-06-2016,421.9071912
04-07-2016,421.46722
04-08-2016,418.6434605
04-09-2016,418.7586354
04-10-2016,421.9544885
04-11-2016,423.273044
04-12-2016,427.4276646
4/13/2016,424.8725181
4/14/2016,425.856595
4/15/2016,430.7244188
4/16/2016,432.216313
4/17/2016,429.3399687
4/18/2016,429.6569337
4/19/2016,437.5687262
4/20/2016,442.6616533
4/21/2016,452.1647028
4/22/2016,448.1344213
4/23/2016,453.914723
4/24/2016,463.3828714
4/25/2016,465.3160067
4/26/2016,469.6087645
4/27/2016,445.7411131
4/28/2016,451.0600618
4/29/2016,457.0099652
4/30/2016,449.9004845
05-01-2016,455.0107312
05-02-2016,444.9330612
05-03-2016,451.6288504
05-04-2016,448.3679676
05-05-2016,449.3360725
05-06-2016,461.6938624
05-07-2016,461.3618425
05-08-2016,461.3788723
05-09-2016,463.4622317
05-10-2016,451.0796683
05-11-2016,453.8963053
05-12-2016,455.6072559
5/13/2016,457.2419027
5/14/2016,458.1195248
5/15/2016,460.8577206
5/16/2016,455.2240773
5/17/2016,453.545777
5/18/2016,454.4861841
5/19/2016,437.7241871
5/20/2016,442.3967992
5/21/2016,444.0782072
5/22/2016,440.5586688
5/23/2016,444.2050573
5/24/2016,445.6744549
5/25/2016,450.5495272
5/26/2016,454.4337224
5/27/2016,471.8201173
5/28/2016,530.9105979
5/29/2016,527.5497124
5/30/2016,533.493149
5/31/2016,530.9436928
06-01-2016,537.6136788
06-02-2016,538.7712432
06-03-2016,570.1759883
06-04-2016,574.2662016
06-05-2016,575.137638
06-06-2016,585.857149
06-07-2016,578.4692407
06-08-2016,583.0975853
06-09-2016,577.1016997
06-10-2016,579.8149936
06-11-2016,605.449557
06-12-2016,670.3923743
6/13/2016,704.3217781
6/14/2016,684.9483194
6/15/2016,695.0014684
6/16/2016,767.4200313
6/17/2016,750.0146339
6/18/2016,758.2887801
6/19/2016,766.7671327
6/20/2016,722.4974524
6/21/2016,669.6042047
6/22/2016,594.8329746
6/23/2016,627.6778556
6/24/2016,664.1269857
6/25/2016,668.8726841
6/26/2016,630.4342421
6/27/2016,652.2448077
6/28/2016,647.2187684
6/29/2016,638.5863456
6/30/2016,674.2848147
07-01-2016,677.5123857
07-02-2016,702.7393168
07-03-2016,662.5500859
07-04-2016,679.8424534
07-05-2016,668.1659813
07-06-2016,677.6513331
07-07-2016,640.0532361
07-08-2016,665.0517084
07-09-2016,651.941914
07-10-2016,649.959341
07-11-2016,650.2725947
07-12-2016,670.023128
7/13/2016,658.3336134
7/14/2016,660.9059602
7/15/2016,666.7586711
7/16/2016,665.2756222
7/17/2016,681.089602
7/18/2016,675.1185792
7/19/2016,674.6603603
7/20/2016,667.3053649
7/21/2016,666.8517393
7/22/2016,650.5629116
7/23/2016,657.377943
7/24/2016,661.3939798
7/25/2016,655.1195778
7/26/2016,654.6263392
7/27/2016,656.2751469
7/28/2016,656.1964534
7/29/2016,657.5575675
7/30/2016,655.3617302
7/31/2016,624.8044871
08-01-2016,606.5092479
08-02-2016,526.9811483
08-03-2016,570.3470409
08-04-2016,583.542158
08-05-2016,581.2798057
08-06-2016,590.795403
08-07-2016,594.732324
08-08-2016,591.6292839
08-09-2016,587.9321382
08-10-2016,589.9687583
08-11-2016,589.5858847
08-12-2016,587.1916496
8/13/2016,585.3635816
8/14/2016,571.3870625
8/15/2016,566.5644413
8/16/2016,578.4149241
8/17/2016,573.6637444
8/18/2016,573.263192
8/19/2016,573.9584579
8/20/2016,581.7970701
8/21/2016,580.7921926
8/22/2016,584.9718977
8/23/2016,582.6277474
8/24/2016,578.7018317
8/25/2016,576.0334366
8/26/2016,578.8746534
8/27/2016,570.2009937
8/28/2016,575.1052326
8/29/2016,573.4292676
8/30/2016,575.6956984
8/31/2016,572.2727583
09-01-2016,572.221702
09-02-2016,576.8467674
09-03-2016,600.3744068
09-04-2016,610.5389133
09-05-2016,607.5269642
09-06-2016,612.9954583
09-07-2016,615.6598191
09-08-2016,630.550172
09-09-2016,622.977884
09-10-2016,624.7526404
09-11-2016,608.2466759
09-12-2016,607.7073727
9/13/2016,608.6942963
9/14/2016,609.4130877
9/15/2016,607.0702626
9/16/2016,607.806438
9/17/2016,607.3814497
9/18/2016,611.5334603
9/19/2016,608.8713063
9/20/2016,608.3717486
9/21/2016,596.9457566
9/22/2016,595.5647165
9/23/2016,602.3787849
9/24/2016,602.6873597
9/25/2016,600.6100549
9/26/2016,606.7788106
9/27/2016,605.1516137
9/28/2016,604.6864944
9/29/2016,605.202562
9/30/2016,608.8658407
10-01-2016,615.4084788
10-02-2016,611.7485783
10-03-2016,612.5903474
10-04-2016,610.0078814
10-05-2016,612.1477809
10-06-2016,611.7608628
10-07-2016,617.9057051
10-08-2016,619.3010018
10-09-2016,617.1010413
10-10-2016,618.0852
10-11-2016,642.9813873
10-12-2016,636.5979322
10/13/2016,635.4440953
10/14/2016,639.5860903
10/15/2016,637.2837593
10/16/2016,642.9130425
10/17/2016,639.1375365
10/18/2016,635.5765086
10/19/2016,629.640708
10/20/2016,628.5989011
10/21/2016,630.9062034
10/22/2016,654.508631
10/23/2016,651.9619568
10/24/2016,650.0271672
10/25/2016,655.7925051
10/26/2016,675.1098693
10/27/2016,686.5233271
10/28/2016,690.3906549
10/29/2016,715.4454693
10/30/2016,699.333411
10/31/2016,698.897728
11-01-2016,730.57848
11-02-2016,740.3670555
11-03-2016,689.939207
11-04-2016,705.4320167
11-05-2016,706.8193256
11-06-2016,715.8968798
11-07-2016,706.1812168
11-08-2016,711.8358466
11-09-2016,721.5015099
11-10-2016,713.4076156
11-11-2016,715.7033106
11-12-2016,703.8475511
11/13/2016,703.6264353
11/14/2016,705.6435842
11/15/2016,712.3471528
11/16/2016,742.0501176
11/17/2016,735.3180805
11/18/2016,749.5787273
11/19/2016,751.2138194
11/20/2016,730.3508136
11/21/2016,736.5069839
11/22/2016,747.997678
11/23/2016,741.2403179
11/24/2016,737.354976
11/25/2016,739.6852002
11/26/2016,734.6529259
11/27/2016,727.7411158
11/28/2016,730.0824838
11/29/2016,731.6464357
11/30/2016,742.2044513
12-01-2016,753.6749101
12-02-2016,772.3023827
12-03-2016,766.1104681
12-04-2016,766.3801391
12-05-2016,752.6707262
12-06-2016,759.1173258
12-07-2016,764.9876501
12-08-2016,767.6592246
12-09-2016,771.9023211
12-10-2016,775.4745613
12-11-2016,770.4961505
12-12-2016,778.5065991
12/13/2016,778.9306946
12/14/2016,776.9639615
12/15/2016,776.176782
12/16/2016,782.2302159
12/17/2016,789.6029322
12/18/2016,790.6329665
12/19/2016,790.2790317
12/20/2016,799.7775207
12/21/2016,828.4836793
12/22/2016,858.501434
12/23/2016,915.5624383
12/24/2016,891.1552721
12/25/2016,896.0032793
12/26/2016,903.2012466
12/27/2016,925.9508105
12/28/2016,979.960974
12/29/2016,973.4625594
12/30/2016,961.1826582
12/31/2016,968.970597
01-01-2017,997.257358
01-02-2017,1017.077886
01-03-2017,1032.609053
01-04-2017,1134.496445
01-05-2017,1000.498129
01-06-2017,892.4639556
01-07-2017,903.4532836
01-08-2017,912.4849971
01-09-2017,903.5086668
01-10-2017,906.4989474
01-11-2017,788.314656
01-12-2017,807.1098335
1/13/2017,826.7469274
1/14/2017,820.0451573
1/15/2017,824.5470652
1/16/2017,830.8380351
1/17/2017,906.0268281
1/18/2017,881.2598154
1/19/2017,902.26387
1/20/2017,895.1745162
1/21/2017,924.4682595
1/22/2017,922.4670774
1/23/2017,919.1157441
1/24/2017,887.7431938
1/25/2017,895.6900333
1/26/2017,916.6674686
1/27/2017,920.4544635
1/28/2017,922.7749486
1/29/2017,915.6320231
1/30/2017,920.3132608
1/31/2017,968.4991057
02-01-2017,987.5325904
02-02-2017,1007.704366
02-03-2017,1015.302039
02-04-2017,1033.785973
02-05-2017,1014.567876
02-06-2017,1023.317481
02-07-2017,1053.624459
02-08-2017,1052.367645
02-09-2017,982.7519395
02-10-2017,996.6501531
02-11-2017,1011.375322
02-12-2017,1006.296465
2/13/2017,999.953185
2/14/2017,1012.213464
2/15/2017,1013.903841
2/16/2017,1036.806865
2/17/2017,1058.66992
2/18/2017,1060.668805
2/19/2017,1058.7864
2/20/2017,1088.688429
2/21/2017,1128.855293
2/22/2017,1129.701791
2/23/2017,1188.861786
2/24/2017,1185.488892
2/25/2017,1151.604737
2/26/2017,1181.710866
2/27/2017,1194.15245
2/28/2017,1188.399941
03-01-2017,1228.459651
03-02-2017,1262.931467
03-03-2017,1289.363191
03-04-2017,1268.940664
03-05-2017,1276.273683
03-06-2017,1282.254657
03-07-2017,1234.476462
03-08-2017,1152.139389
03-09-2017,1193.455527
03-10-2017,1098.530149
03-11-2017,1176.822921
03-12-2017,1231.748357
3/13/2017,1239.396296
3/14/2017,1246.536565
3/15/2017,1258.651381
3/16/2017,1178.02075
3/17/2017,1072.082538
3/18/2017,962.5690562
3/19/2017,1020.220254
3/20/2017,1037.756346
3/21/2017,1111.818264
3/22/2017,1037.30257
3/23/2017,1028.172856
3/24/2017,935.0634962
3/25/2017,968.5433293
3/26/2017,962.9580546
3/27/2017,1042.919198
3/28/2017,1045.162932
3/29/2017,1039.688616
3/30/2017,1037.987661
3/31/2017,1081.743531
04-01-2017,1089.524772
04-02-2017,1105.562956
04-03-2017,1144.664771
04-04-2017,1141.921919
04-05-2017,1135.811644
04-06-2017,1194.596459
04-07-2017,1191.731451
04-08-2017,1184.41772
04-09-2017,1213.63414
04-10-2017,1211.649876
04-11-2017,1229.784933
04-12-2017,1216.114368
4/13/2017,1172.55834
4/14/2017,1174.333234
4/15/2017,1175.562189
4/16/2017,1173.69138
4/17/2017,1191.901201
4/18/2017,1202.131458
4/19/2017,1209.560909
4/20/2017,1235.803075
4/21/2017,1247.33607
4/22/2017,1243.550393
4/23/2017,1250.001483
4/24/2017,1257.239442
4/25/2017,1279.864717
4/26/2017,1296.485457
4/27/2017,1345.889956
4/28/2017,1347.985156
4/29/2017,1357.715253
4/30/2017,1381.956372
05-01-2017,1436.941488
05-02-2017,1463.819068
05-03-2017,1519.408944
05-04-2017,1539.830052
05-05-2017,1529.850443
05-06-2017,1573.28551
05-07-2017,1526.267772
05-08-2017,1685.086496
05-09-2017,1719.228014
05-10-2017,1782.499
05-11-2017,1835.487548
05-12-2017,1704.661641
5/13/2017,1779.840257
5/14/2017,1794.593551
5/15/2017,1736.882846
5/16/2017,1757.026949
5/17/2017,1808.746065
5/18/2017,1894.247265
5/19/2017,1967.545548
5/20/2017,2048.117678
5/21/2017,2045.222493
5/22/2017,2078.9435
5/23/2017,2257.288364
5/24/2017,2415.007227
5/25/2017,2319.601379
5/26/2017,2279.418584
5/27/2017,2044.3005
5/28/2017,2225.700867
5/29/2017,2284.715797
5/30/2017,2167.264478
5/31/2017,2299.43261
06-01-2017,2399.887632
06-02-2017,2479.423894
06-03-2017,2549.551952
06-04-2017,2524.993834
06-05-2017,2685.318917
06-06-2017,2871.341677
06-07-2017,2706.760009
06-08-2017,2802.563547
06-09-2017,2804.872267
06-10-2017,2916.32786
06-11-2017,2974.214559
06-12-2017,2665.43327
6/13/2017,2707.137824
6/14/2017,2443.824451
6/15/2017,2409.886764
6/16/2017,2476.359095
6/17/2017,2652.755363
6/18/2017,2508.214207
6/19/2017,2589.642213
6/20/2017,2733.226556
6/21/2017,2639.261314
6/22/2017,2686.647514
6/23/2017,2685.870471
6/24/2017,2562.189149
6/25/2017,2497.728941
6/26/2017,2426.365051
6/27/2017,2530.345536
6/28/2017,2562.792264
6/29/2017,2540.443032
6/30/2017,2452.712064
07-01-2017,2412.366213
07-02-2017,2518.872187
07-03-2017,2551.927432
07-04-2017,2599.74475
07-05-2017,2608.104891
07-06-2017,2603.195474
07-07-2017,2495.780922
07-08-2017,2553.494158
07-09-2017,2506.173214
07-10-2017,2319.366897
07-11-2017,2319.167441
07-12-2017,2374.886266
7/13/2017,2343.738348
7/14/2017,2214.825237
7/15/2017,1989.63319
7/16/2017,1910.749542
7/17/2017,2215.746296
7/18/2017,2303.761146
7/19/2017,2257.065236
7/20/2017,2823.897926
7/21/2017,2666.139718
7/22/2017,2829.754055
7/23/2017,2753.243865
7/24/2017,2755.159524
7/25/2017,2558.692999
7/26/2017,2522.324646
7/27/2017,2665.147546
7/28/2017,2793.833485
7/29/2017,2706.450765
7/30/2017,2749.384528
7/31/2017,2862.611291
08-01-2017,2727.389182
08-02-2017,2690.145672
08-03-2017,2789.746312
08-04-2017,2860.272843
08-05-2017,3237.423363
08-06-2017,3230.116709
08-07-2017,3392.562419
08-08-2017,3425.676617
08-09-2017,3347.215432
08-10-2017,3437.032155
08-11-2017,3660.520537
08-12-2017,3871.082406
8/13/2017,4063.801053
8/14/2017,4304.603931
8/15/2017,4160.030546
8/16/2017,4364.678575
8/17/2017,4308.516861
8/18/2017,4108.507162
8/19/2017,4160.332457
8/20/2017,4085.810394
8/21/2017,3992.626035
8/22/2017,4074.330461
8/23/2017,4146.915345
8/24/2017,4325.816428
8/25/2017,4353.131773
8/26/2017,4341.978717
8/27/2017,4344.903445
8/28/2017,4379.763921
8/29/2017,4600.456831
8/30/2017,4586.632737
8/31/2017,4740.356218
09-01-2017,4918.166245
09-02-2017,4595.020018
09-03-2017,4625.296314
09-04-2017,4374.753496
09-05-2017,4454.052538
09-06-2017,4607.51653
09-07-2017,4635.111876
09-08-2017,4345.457656
09-09-2017,4335.59345
09-10-2017,4261.843521
09-11-2017,4212.547573
09-12-2017,4164.319434
9/13/2017,3887.118587
9/14/2017,3247.468739
9/15/2017,3699.222944
9/16/2017,3711.234351
9/17/2017,3711.856204
9/18/2017,4080.428443
9/19/2017,3925.73619
9/20/2017,3895.777079
9/21/2017,3617.243466
9/22/2017,3619.213718
9/23/2017,3775.600594
9/24/2017,3676.896944
9/25/2017,3918.738071
9/26/2017,3890.090937
9/27/2017,4207.787485
9/28/2017,4187.769796
9/29/2017,4155.01012
9/30/2017,4334.544613
10-01-2017,4382.086898
10-02-2017,4386.875715
10-03-2017,4306.564642
10-04-2017,4216.684821
10-05-2017,4319.420916
10-06-2017,4365.91571
10-07-2017,4438.855933
10-08-2017,4600.739797
10-09-2017,4777.534657
10-10-2017,4741.077915
10-11-2017,4814.967118
10-12-2017,5393.668983
10/13/2017,5614.077515
10/14/2017,5785.738315
10/15/2017,5689.86506
10/16/2017,5756.148812
10/17/2017,5590.416324
10/18/2017,5583.870426
10/19/2017,5708.312991
10/20/2017,6000.88313
10/21/2017,6030.207893
10/22/2017,5996.598139
10/23/2017,5888.250017
10/24/2017,5517.775353
10/25/2017,5736.017802
10/26/2017,5900.317729
10/27/2017,5771.945046
10/28/2017,5762.388577
10/29/2017,6174.728845
10/30/2017,6119.256384
10/31/2017,6428.514637
11-01-2017,6726.411835
11-02-2017,7043.777939
11-03-2017,7198.632111
11-04-2017,7420.498079
11-05-2017,7371.13903
11-06-2017,6985.263844
11-07-2017,7118.202544
11-08-2017,7451.212787
11-09-2017,7117.73805
11-10-2017,6620.567336
11-11-2017,6346.721449
11-12-2017,5829.097828
11/13/2017,6519.445172
11/14/2017,6592.374397
11/15/2017,7257.373212
11/16/2017,7833.704433
11/17/2017,7729.03327
11/18/2017,7796.154241
11/19/2017,8018.320688
11/20/2017,8269.874257
11/21/2017,8091.998084
11/22/2017,8249.59733
11/23/2017,8071.669821
11/24/2017,8232.422333
11/25/2017,8760.165442
11/26/2017,9319.903315
11/27/2017,9730.728579
11/28/2017,9932.19418
11/29/2017,9800.027552
11/30/2017,9996.714972
12-01-2017,10808.95833
12-02-2017,10934.85999
12-03-2017,11213.94266
12-04-2017,11562.12857
12-05-2017,11736.75407
12-06-2017,13992.13234
12-07-2017,17032.29338
12-08-2017,16298.48734
12-09-2017,15050.02195
12-10-2017,15474.99954
12-11-2017,16873.49778
12-12-2017,17433.93074
12/13/2017,16515.15257
12/14/2017,16602.8928
12/15/2017,17702.00217
12/16/2017,19640.51388
12/17/2017,19250.46765
12/18/2017,18982.02502
12/19/2017,17653.32609
12/20/2017,16453.62726
12/21/2017,15633.83365
12/22/2017,14305.71834
12/23/2017,14910.8581
12/24/2017,14026.34687
12/25/2017,14080.94226
12/26/2017,15727.14548
12/27/2017,15389.00057
12/28/2017,14289.45221
12/29/2017,14571.74608
12/30/2017,12948.71588
12/31/2017,13921.48064
01-01-2018,13464.65361
01-02-2018,14754.3222
01-03-2018,15010.28616
01-04-2018,15070.3008
01-05-2018,16997.22741
01-06-2018,17103.58928
01-07-2018,16231.695
01-08-2018,14937.41509
01-09-2018,14378.58622
01-10-2018,14669.08827
01-11-2018,13186.75494
01-12-2018,13789.44366
1/13/2018,14231.22506
1/14/2018,13681.06546
1/15/2018,13591.6962
1/16/2018,11431.04011
1/17/2018,11159.60859
1/18/2018,11246.03973
1/19/2018,11440.25556
1/20/2018,12768.40459
1/21/2018,11422.39426
1/22/2018,10737.35058
1/23/2018,10849.39188
1/24/2018,11225.89617
1/25/2018,11130.46495
1/26/2018,11035.55461
1/27/2018,11320.97019
1/28/2018,11615.95871
1/29/2018,11132.55431
1/30/2018,9959.546715
1/31/2018,10050.0958
02-01-2018,9039.865075
02-02-2018,8786.07738
02-03-2018,9132.100322
02-04-2018,8250.526896
02-05-2018,6849.542559
02-06-2018,7738.64396
02-07-2018,7624.59539
02-08-2018,8218.580852
02-09-2018,8660.453468
02-10-2018,8530.292805
02-11-2018,8096.728481
02-12-2018,8907.670179
2/13/2018,8523.966932
2/14/2018,9467.301033
2/15/2018,10106.73308
2/16/2018,10189.31648
2/17/2018,11085.59841
2/18/2018,10452.09198
2/19/2018,11139.35573
2/20/2018,11245.93232
2/21/2018,10458.86509
2/22/2018,9878.158943
2/23/2018,10159.06561
2/24/2018,9686.60178
2/25/2018,9603.227477
2/26/2018,10312.36571
2/27/2018,10654.10729
2/28/2018,10307.02497
03-01-2018,10923.63086
03-02-2018,11014.05847
03-03-2018,11425.68057
03-04-2018,11462.5832
03-05-2018,11540.66232
03-06-2018,10677.03523
03-07-2018,9903.085049
03-08-2018,9330.475453
03-09-2018,9278.139184
03-10-2018,8786.560423
03-11-2018,9513.5354
03-12-2018,9147.890181
3/13/2018,9160.542933
3/14/2018,8222.127239
3/15/2018,8268.589122
3/16/2018,8376.904498
3/17/2018,7881.661921
3/18/2018,8189.016719
3/19/2018,8537.015623
3/20/2018,8895.547179
3/21/2018,8879.594257
3/22/2018,8710.664935
3/23/2018,8771.746323
3/24/2018,8610.988516
3/25/2018,8440.610923
3/26/2018,8171.184354
3/27/2018,7837.265319
3/28/2018,7933.64273
3/29/2018,7108.570813
3/30/2018,6832.149066
3/31/2018,6922.281297
04-01-2018,6804.524879
04-02-2018,7033.25961
04-03-2018,7420.800515
04-04-2018,6780.543601
04-05-2018,6798.422617
04-06-2018,6610.49235
04-07-2018,6886.469472
04-08-2018,7009.996104
04-09-2018,6736.892824
04-10-2018,6816.718615
04-11-2018,6944.785857
04-12-2018,7904.330275
4/13/2018,7919.064695
4/14/2018,8006.417943
4/15/2018,8342.271101
4/16/2018,8046.982134
4/17/2018,7887.737958
4/18/2018,8162.834862
4/19/2018,8272.967316
4/20/2018,8839.501132
4/21/2018,8863.540829
4/22/2018,8800.959087
4/23/2018,8930.784634
4/24/2018,9652.213789
4/25/2018,8855.508937
4/26/2018,9264.727427
4/27/2018,8981.33079
4/28/2018,9341.824685
4/29/2018,9396.99763
4/30/2018,9228.726484
05-01-2018,9072.168757
05-02-2018,9204.127641
05-03-2018,9750.700146
05-04-2018,9696.64291
05-05-2018,9795.925772
05-06-2018,9595.086819
05-07-2018,9339.510847
05-08-2018,9212.369635
05-09-2018,9293.042274
05-10-2018,9037.530509
05-11-2018,8419.758587
05-12-2018,8485.775267
5/13/2018,8695.833094
5/14/2018,8671.074175
5/15/2018,8488.463421
5/16/2018,8327.756201
5/17/2018,8050.516239
5/18/2018,8233.086455
5/19/2018,8229.482936
5/20/2018,8511.44883
5/21/2018,8398.623127
5/22/2018,8007.526532
5/23/2018,7520.867679
5/24/2018,7575.624486
5/25/2018,7425.375674
5/26/2018,7326.303186
5/27/2018,7338.193044
5/28/2018,7110.823882
5/29/2018,7453.633725
5/30/2018,7374.669049
5/31/2018,7478.741867
06-01-2018,7519.835737
06-02-2018,7637.448253
06-03-2018,7702.157933
06-04-2018,7486.6532
06-05-2018,7611.149853
06-06-2018,7650.775807
06-07-2018,7665.947896
06-08-2018,7622.60233
06-09-2018,7556.171698
06-10-2018,6744.735801
06-11-2018,6849.452687
06-12-2018,6526.69968
6/13/2018,6306.513168
6/14/2018,6629.770124
6/15/2018,6399.674046
6/16/2018,6495.315309
6/17/2018,6450.693973
6/18/2018,6703.81259
6/19/2018,6732.508809
6/20/2018,6753.206826
6/21/2018,6720.373234
6/22/2018,6059.575859
6/23/2018,6174.225779
6/24/2018,6146.487195
6/25/2018,6243.535441
6/26/2018,6096.128766
6/27/2018,6139.189683
6/28/2018,5858.635778
6/29/2018,6220.913715
6/30/2018,6375.541231
07-01-2018,6361.402539
07-02-2018,6608.367157
07-03-2018,6498.307859
07-04-2018,6579.333376
07-05-2018,6535.298403
07-06-2018,6598.459096
07-07-2018,6737.85608
07-08-2018,6704.91998
07-09-2018,6664.024094
07-10-2018,6309.084004
07-11-2018,6377.976511
07-12-2018,6159.466676
7/13/2018,6208.985572
7/14/2018,6255.112479
7/15/2018,6347.604274
7/16/2018,6710.807437
7/17/2018,7320.594828
7/18/2018,7376.038339
7/19/2018,7467.034298
7/20/2018,7327.256683
7/21/2018,7410.56562
7/22/2018,7399.483747
7/23/2018,7716.158627
7/24/2018,8397.616522
7/25/2018,8202.720395
7/26/2018,7913.930778
7/27/2018,8173.774611
7/28/2018,8190.360057
7/29/2018,8229.605839
7/30/2018,8171.839519
7/31/2018,7725.133036
08-01-2018,7596.698012
08-02-2018,7542.694662
08-03-2018,7411.34425
08-04-2018,7002.208653
08-05-2018,7031.587751
08-06-2018,6929.990894
08-07-2018,6722.578433
08-08-2018,6267.388674
08-09-2018,6558.096908
08-10-2018,6135.751859
08-11-2018,6313.749312
08-12-2018,6314.691656
8/13/2018,6265.848044
8/14/2018,6184.829086
8/15/2018,6270.214799
8/16/2018,6290.750455
8/17/2018,6563.078289
8/18/2018,6399.287447
8/19/2018,6490.716127
8/20/2018,6272.952729
8/21/2018,6473.076039
8/22/2018,6365.009832
8/23/2018,6516.409025
8/24/2018,6697.731879
8/25/2018,6745.438939
8/26/2018,6689.869333
8/27/2018,6839.158952
8/28/2018,7092.973808
8/29/2018,7033.428068
8/30/2018,6966.963744
8/31/2018,7025.14078
09-01-2018,7192.352547
09-02-2018,7286.667791
09-03-2018,7257.470214
09-04-2018,7358.811479
09-05-2018,6790.897328
09-06-2018,6488.075937
09-07-2018,6408.653622
09-08-2018,6187.790502
09-09-2018,6249.24631
09-10-2018,6295.388603
09-11-2018,6278.42464
09-12-2018,6327.536363
9/13/2018,6490.912316
9/14/2018,6494.695479
9/15/2018,6524.165667
9/16/2018,6497.404701
9/17/2018,6258.594875
9/18/2018,6340.34779
9/19/2018,6383.951876
9/20/2018,6498.607111
9/21/2018,6741.142899
9/22/2018,6705.476051
9/23/2018,6703.13685
9/24/2018,6576.545003
9/25/2018,6416.444022
9/26/2018,6463.250404
9/27/2018,6677.900489
9/28/2018,6623.12616
9/29/2018,6584.499148
9/30/2018,6604.485028
10-01-2018,6561.813832
10-02-2018,6508.720939
10-03-2018,6464.456844
10-04-2018,6545.285668
10-05-2018,6585.14958
10-06-2018,6550.478316
10-07-2018,6564.56826
10-08-2018,6604.685274
10-09-2018,6590.428622
10-10-2018,6529.102436
10-11-2018,6159.251643
10-12-2018,6191.677223
10/13/2018,6197.685696
10/14/2018,6182.879344
10/15/2018,6442.715414
10/16/2018,6461.937159
10/17/2018,6442.7307
10/18/2018,6396.479812
10/19/2018,6383.07784
10/20/2018,6408.252746
10/21/2018,6415.340503
10/22/2018,6408.033636
10/23/2018,6395.987667
10/24/2018,6413.803641
10/25/2018,6402.324859
10/26/2018,6404.108552
10/27/2018,6409.405328
10/28/2018,6406.633253
10/29/2018,6263.041735
10/30/2018,6272.167728
10/31/2018,6306.316931
11-01-2018,6342.977501
11-02-2018,6348.168583
11-03-2018,6332.434133
11-04-2018,6420.422
11-05-2018,6402.946839
11-06-2018,6441.145219
11-07-2018,6500.869805
11-08-2018,6406.752937
11-09-2018,6331.378767
11-10-2018,6353.112734
11-11-2018,6335.414204
11-12-2018,6320.656054
11/13/2018,6267.937991
11/14/2018,5574.258349
11/15/2018,5538.560608
11/16/2018,5496.016231
11/17/2018,5501.09234
11/18/2018,5555.376338
11/19/2018,4792.200024
11/20/2018,4317.53067
11/21/2018,4549.32201
11/22/2018,4303.615549
11/23/2018,4289.892853
11/24/2018,3806.316925
11/25/2018,3946.850874
11/26/2018,3700.285993
11/27/2018,3776.555905
11/28/2018,4208.475269
11/29/2018,4239.039488
11/30/2018,3973.334052
12-01-2018,4148.073726
12-02-2018,4098.746764
12-03-2018,3843.976666
12-04-2018,3892.951647
12-05-2018,3709.520858
12-06-2018,3511.968982
12-07-2018,3372.995693
12-08-2018,3407.951195
12-09-2018,3540.439576
12-10-2018,3413.592584
12-11-2018,3352.5642
12-12-2018,3423.012918
12/13/2018,3260.341582
12/14/2018,3198.947474
12/15/2018,3185.074044
12/16/2018,3195.414555
12/17/2018,3499.156482
12/18/2018,3659.527379
12/19/2018,3697.725303
12/20/2018,4067.737708
12/21/2018,3839.085108
12/22/2018,3964.946116
12/23/2018,3942.666996
12/24/2018,4040.04579
12/25/2018,3761.584011
12/26/2018,3807.657454
12/27/2018,3585.460536
12/28/2018,3881.054885
12/29/2018,3823.138326
12/30/2018,3825.407463
12/31/2018,3687.19994
01-01-2019,3808.117832
01-02-2019,3898.197488
01-03-2019,3784.388635
01-04-2019,3827.524594
01-05-2019,3798.613955
01-06-2019,4045.993775
01-07-2019,4001.018278
01-08-2019,3992.622789
01-09-2019,4004.259036
01-10-2019,3627.90345
01-11-2019,3624.161421
01-12-2019,3617.022078
1/13/2019,3508.670108
1/14/2019,3666.945194
1/15/2019,3581.293015
1/16/2019,3606.986576
1/17/2019,3640.129131
1/18/2019,3609.426736
1/19/2019,3687.301961
1/20/2019,3538.313723
1/21/2019,3535.623393
1/22/2019,3577.30835
1/23/2019,3551.893821
1/24/2019,3567.588934
1/25/2019,3561.350498
1/26/2019,3557.039915
1/27/2019,3537.614131
1/28/2019,3435.052514
1/29/2019,3395.823763
1/30/2019,3437.895866
1/31/2019,3410.131616
02-01-2019,3445.049891
02-02-2019,3461.935117
02-03-2019,3413.021616
02-04-2019,3411.387962
02-05-2019,3426.465011
02-06-2019,3367.506365
02-07-2019,3358.873599
02-08-2019,3612.479619
02-09-2019,3621.268121
02-10-2019,3642.022359
02-11-2019,3590.618484
02-12-2019,3587.902466
2/13/2019,3576.085373
2/14/2019,3561.916383
2/15/2019,3565.006924
2/16/2019,3584.736003
2/17/2019,3622.757429
2/18/2019,3866.129217
2/19/2019,3895.435211
2/20/2019,3931.613829
2/21/2019,3892.261794
2/22/2019,3948.300511
2/23/2019,4110.151121
2/24/2019,3754.18379
2/25/2019,3822.018697
2/26/2019,3796.175068
2/27/2019,3799.381992
2/28/2019,3792.947723
03-01-2019,3810.632693
03-02-2019,3809.643391
03-03-2019,3782.38187
03-04-2019,3698.161855
03-05-2019,3840.128049
03-06-2019,3851.998425
03-07-2019,3855.923168
03-08-2019,3839.233553
03-09-2019,3910.361167
03-10-2019,3903.911951
03-11-2019,3851.568922
03-12-2019,3858.914824
3/13/2019,3851.957466
3/14/2019,3853.783265
3/15/2019,3901.914207
3/16/2019,3989.796077
3/17/2019,3967.143494
3/18/2019,3969.440146
3/19/2019,3996.167904
3/20/2019,4030.655276
3/21/2019,3976.27385
3/22/2019,3983.887646
3/23/2019,3981.776033
3/24/2019,3970.666988
3/25/2019,3908.238839
3/26/2019,3917.763402
3/27/2019,4027.007918
3/28/2019,4010.937462
3/29/2019,4089.46104
3/30/2019,4091.891038
3/31/2019,4094.317815
04-01-2019,4138.417808
04-02-2019,4903.719462
04-03-2019,4960.227603
04-04-2019,4911.269702
04-05-2019,5033.225484
04-06-2019,5044.356846
04-07-2019,5189.111956
04-08-2019,5283.423025
04-09-2019,5195.577909
04-10-2019,5311.741603
04-11-2019,5050.666009
04-12-2019,5082.861432
4/13/2019,5074.790693
4/14/2019,5156.804041
4/15/2019,5042.897738
4/16/2019,5205.962957
4/17/2019,5226.352215
4/18/2019,5278.50234
4/19/2019,5289.951219
4/20/2019,5313.973262
4/21/2019,5295.733828
4/22/2019,5383.799975
4/23/2019,5544.862712
4/24/2019,5431.94792
4/25/2019,5127.673167
4/26/2019,5150.164661
4/27/2019,5181.807764
4/28/2019,5148.669615
4/29/2019,5148.800493
4/30/2019,5266.618203
05-01-2019,5315.175329
05-02-2019,5393.129376
05-03-2019,5658.430388
05-04-2019,5774.712429
05-05-2019,5728.351702
05-06-2019,5691.688374
05-07-2019,5825.744893
05-08-2019,5931.800595
05-09-2019,6150.140445
05-10-2019,6357.463494
05-11-2019,7325.08286
05-12-2019,6942.623175
5/13/2019,7798.905736
5/14/2019,7955.557682
5/15/2019,8215.206838
5/16/2019,7862.071602
5/17/2019,7326.920682
5/18/2019,7277.987563
5/19/2019,8219.742787
5/20/2019,7981.139379
5/21/2019,7983.808477
5/22/2019,7667.902115
5/23/2019,7897.471294
5/24/2019,7987.100368
5/25/2019,8061.591761
5/26/2019,8731.524956
5/27/2019,8816.786708
5/28/2019,8719.125848
5/29/2019,8655.488506
5/30/2019,8271.621963
5/31/2019,8556.222186
06-01-2019,8554.80733
06-02-2019,8744.353745
06-03-2019,8173.401271
06-04-2019,7649.939332
06-05-2019,7798.544466
06-06-2019,7776.713326
06-07-2019,8023.950093
06-08-2019,7939.805155
06-09-2019,7634.065751
06-10-2019,7993.302539
06-11-2019,7922.483627
06-12-2019,8146.756125
6/13/2019,8232.777341
6/14/2019,8698.004815
6/15/2019,8850.584816
6/16/2019,9019.517007
6/17/2019,9340.572189
6/18/2019,9047.132744
6/19/2019,9285.055677
6/20/2019,9546.719778
6/21/2019,10083.48631
6/22/2019,10685.29523
6/23/2019,10794.4277
6/24/2019,11004.20691
6/25/2019,11726.26383
6/26/2019,12863.46068
6/27/2019,11109.79784
6/28/2019,12358.20796
6/29/2019,11944.35155
6/30/2019,10842.61671
07-01-2019,10569.55173
07-02-2019,10766.08332
07-03-2019,11952.02489
07-04-2019,11177.01038
07-05-2019,10998.3991
07-06-2019,11208.2256
07-07-2019,11456.1836
07-08-2019,12319.62288
07-09-2019,12579.10762
07-10-2019,12106.78293
07-11-2019,11294.67803
07-12-2019,11813.32372
7/13/2019,11346.83715
7/14/2019,10283.07579
7/15/2019,10926.38027
7/16/2019,9471.140865
7/17/2019,9674.882461
7/18/2019,10679.89069
7/19/2019,10532.20273
7/20/2019,10862.64855
7/21/2019,10589.70649
7/22/2019,10318.56093
7/23/2019,9866.64894
7/24/2019,9792.787537
7/25/2019,9897.186786
7/26/2019,9836.696788
7/27/2019,9446.672052
7/28/2019,9529.788792
7/29/2019,9504.158916
7/30/2019,9589.109206
7/31/2019,10059.00402
08-01-2019,10400.30701
08-02-2019,10529.69445
08-03-2019,10810.42167
08-04-2019,10986.50893
08-05-2019,11790.02394
08-06-2019,11423.497
08-07-2019,11967.27355
08-08-2019,11938.23461
08-09-2019,11858.3411
08-10-2019,11303.73056
08-11-2019,11530.19524
08-12-2019,11384.69625
8/13/2019,10867.05476
8/14/2019,10024.37959
8/15/2019,10310.08587
8/16/2019,10373.3219
8/17/2019,10207.15556
8/18/2019,10331.30998
8/19/2019,10884.62977
8/20/2019,10771.39238
8/21/2019,10096.83022
8/22/2019,10119.71452
8/23/2019,10414.14417
8/24/2019,10147.08715
8/25/2019,10100.35678
8/26/2019,10362.64347
8/27/2019,10168.22157
8/28/2019,9724.799978
8/29/2019,9482.311735
8/30/2019,9577.678823
8/31/2019,9605.024461
09-01-2019,9762.936557
09-02-2019,10377.33838
09-03-2019,10618.78151
09-04-2019,10577.24108
09-05-2019,10580.1847
09-06-2019,10330.84973
09-07-2019,10494.50696
09-08-2019,10407.26566
09-09-2019,10332.46444
09-10-2019,10085.95192
09-11-2019,10142.14806
09-12-2019,10403.35997
9/13/2019,10345.33875
9/14/2019,10363.4529
9/15/2019,10306.16967
9/16/2019,10257.82276
9/17/2019,10195.61118
9/18/2019,10161.31887
9/19/2019,10268.39263
9/20/2019,10170.12512
9/21/2019,9986.406108
9/22/2019,10047.01347
9/23/2019,9692.741048
9/24/2019,8613.671249
9/25/2019,8424.157646
9/26/2019,8091.695299
9/27/2019,8186.779639
9/28/2019,8201.979013
9/29/2019,8064.508062
9/30/2019,8282.365454
10-01-2019,8314.55139
10-02-2019,8362.530732
10-03-2019,8254.33991
10-04-2019,8165.686151
10-05-2019,8141.633714
10-06-2019,7854.609813
10-07-2019,8226.023429
10-08-2019,8190.115121
10-09-2019,8598.331921
10-10-2019,8578.090379
10-11-2019,8289.854029
10-12-2019,8323.750144
10/13/2019,8291.250651
10/14/2019,8346.368437
10/15/2019,8160.712628
10/16/2019,8003.855923
10/17/2019,8072.489382
10/18/2019,7959.331994
10/19/2019,7948.477337
10/20/2019,8213.709039
10/21/2019,8211.654559
10/22/2019,8029.205373
10/23/2019,7458.035857
10/24/2019,7454.371138
10/25/2019,8656.655178
10/26/2019,9249.646761
10/27/2019,9558.156044
10/28/2019,9319.178142
10/29/2019,9431.207124
10/30/2019,9182.855065
10/31/2019,9155.277299
11-01-2019,9251.381293
11-02-2019,9300.190838
11-03-2019,9209.638696
11-04-2019,9418.360131
11-05-2019,9330.787223
11-06-2019,9354.933382
11-07-2019,9210.748222
11-08-2019,8791.333935
11-09-2019,8810.784562
11-10-2019,9042.890723
11-11-2019,8713.20793
11-12-2019,8788.958143
11/13/2019,8766.729431
11/14/2019,8645.435804
11/15/2019,8465.877889
11/16/2019,8477.690243
11/17/2019,8505.161223
11/18/2019,8183.533414
11/19/2019,8116.820673
11/20/2019,8076.55466
11/21/2019,7612.277488
11/22/2019,7277.524273
11/23/2019,7324.836179
11/24/2019,6943.380656
11/25/2019,7139.044686
11/26/2019,7165.43773
11/27/2019,7526.863817
11/28/2019,7436.336382
11/29/2019,7747.738042
11/30/2019,7556.193721
12-01-2019,7417.727206
12-02-2019,7318.312522
12-03-2019,7306.446233
12-04-2019,7215.020345
12-05-2019,7404.086795
12-06-2019,7534.208356
12-07-2019,7512.061403
12-08-2019,7528.940269
12-09-2019,7340.227459
12-10-2019,7232.091784
12-11-2019,7200.464446
12-12-2019,7192.849024
12/13/2019,7244.90372
12/14/2019,7071.10709
12/15/2019,7111.28667
12/16/2019,6882.395795
12/17/2019,6608.96198
12/18/2019,7284.625484
12/19/2019,7146.167638
12/20/2019,7184.219172
12/21/2019,7140.298011
12/22/2019,7479.402408
12/23/2019,7321.748724
12/24/2019,7235.629084
12/25/2019,7191.174166
12/26/2019,7194.639758
12/27/2019,7237.150447
12/28/2019,7306.643308
12/29/2019,7391.578521
12/30/2019,7229.397101
12/31/2019,7167.395055
01-01-2020,7170.631869
01-02-2020,6946.825269
01-03-2020,7315.30936
01-04-2020,7343.164194
01-05-2020,7345.530692
01-06-2020,7765.797735
01-07-2020,8136.086842
01-08-2020,8059.699529
01-09-2020,7817.136093
01-10-2020,8129.81792
01-11-2020,8032.005495
01-12-2020,8164.549993
1/13/2020,8121.925668
1/14/2020,8830.167873
1/15/2020,8811.448203
1/16/2020,8718.686998
1/17/2020,8912.541904
1/18/2020,8928.180757
1/19/2020,8687.354837
1/20/2020,8636.258786
1/21/2020,8730.86756
1/22/2020,8647.900474
1/23/2020,8366.384614
1/24/2020,8423.390958
1/25/2020,8344.774569
1/26/2020,8573.87481
1/27/2020,8901.959285
1/28/2020,9297.388318
1/29/2020,9311.947544
1/30/2020,9508.920965
1/31/2020,9357.284782
02-01-2020,9381.886029
02-02-2020,9339.387063
02-03-2020,9279.812521
02-04-2020,9161.627198
02-05-2020,9628.136776
02-06-2020,9739.280436
02-07-2020,9800.2794
02-08-2020,9911.293408
02-09-2020,10151.0832
02-10-2020,9872.361873
02-11-2020,10272.22256
02-12-2020,10360.13522
2/13/2020,10235.49732
2/14/2020,10361.61569
2/15/2020,9911.724327
2/16/2020,9952.046612
2/17/2020,9683.079628
2/18/2020,10195.30379
2/19/2020,9636.002299
2/20/2020,9614.030122
2/21/2020,9701.797503
2/22/2020,9675.249058
2/23/2020,9972.842423
2/24/2020,9648.007883
2/25/2020,9344.28714
2/26/2020,8798.888949
2/27/2020,8779.029482
2/28/2020,8750.593446
2/29/2020,8582.0903
03-01-2020,8541.773894
03-02-2020,8906.214756
03-03-2020,8768.810614
03-04-2020,8756.369572
03-05-2020,9062.615803
03-06-2020,9147.085059
03-07-2020,8898.306957
03-08-2020,8109.614541
03-09-2020,7896.38532
03-10-2020,7909.927875
03-11-2020,7939.341335
03-12-2020,4959.313414
3/13/2020,5627.692388
3/14/2020,5145.172506
3/15/2020,5358.610663
3/16/2020,5012.927388
3/17/2020,5416.754711
3/18/2020,5392.487836
3/19/2020,6203.551632
3/20/2020,6174.149476
3/21/2020,6175.831022
3/22/2020,5830.56098
3/23/2020,6486.408657
3/24/2020,6775.057619
3/25/2020,6689.969013
3/26/2020,6754.460336
3/27/2020,6490.795415
3/28/2020,6231.81989
3/29/2020,5904.857587
3/30/2020,6436.9057
3/31/2020,6432.383242
04-01-2020,6643.110009
04-02-2020,6792.742222
04-03-2020,6751.902552
04-04-2020,6859.989169
04-05-2020,6790.812473
04-06-2020,7298.173745
04-07-2020,7187.593337
04-08-2020,7372.194764
04-09-2020,7299.579188
04-10-2020,6859.822675
04-11-2020,6883.182229
04-12-2020,6978.666287
4/13/2020,6863.575533
4/14/2020,6875.538503
4/15/2020,6625.475775
4/16/2020,7127.792282
4/17/2020,7081.395198
4/18/2020,7262.792344
4/19/2020,7150.244215
4/20/2020,6853.273415
4/21/2020,6870.423699
4/22/2020,7123.65692
4/23/2020,7488.605165
4/24/2020,7506.443316
4/25/2020,7537.738209
4/26/2020,7684.068522
4/27/2020,7777.491519
4/28/2020,7769.899698
4/29/2020,8761.83717
4/30/2020,8652.410991
05-01-2020,8855.535258
05-02-2020,8977.281705
05-03-2020,8896.795638
05-04-2020,8881.954305
05-05-2020,8985.879599
05-06-2020,9266.813073
05-07-2020,9993.753177
05-08-2020,9859.323605
05-09-2020,9577.338922
05-10-2020,8715.033293
05-11-2020,8591.652884
05-12-2020,8817.250681
5/13/2020,9322.997202
5/14/2020,9801.269488
5/15/2020,9326.875859
5/16/2020,9395.475389
5/17/2020,9682.532481
5/18/2020,9726.850022
5/19/2020,9754.201462
5/20/2020,9515.70255
5/21/2020,9068.801229
5/22/2020,9161.815034
5/23/2020,9183.662125
5/24/2020,8806.230657
5/25/2020,8909.192582
5/26/2020,8835.137253
5/27/2020,9169.057439
5/28/2020,9568.261853
5/29/2020,9432.413333
5/30/2020,9691.680491
5/31/2020,9433.943847
06-01-2020,10199.13505
06-02-2020,9512.346533
06-03-2020,9642.2734
06-04-2020,9813.360679
06-05-2020,9641.891623
06-06-2020,9668.670539
06-07-2020,9747.580111
06-08-2020,9769.342361
06-09-2020,9779.422166
06-10-2020,9888.444175
06-11-2020,9277.451169
06-12-2020,9456.161533
6/13/2020,9461.333799
6/14/2020,9342.955635
6/15/2020,9441.383211
6/16/2020,9520.091948
6/17/2020,9448.693561
6/18/2020,9389.990766
6/19/2020,9285.991583
6/20/2020,9357.292464
6/21/2020,9284.769372
6/22/2020,9684.620185
6/23/2020,9611.725998
6/24/2020,9292.943544
6/25/2020,9247.121432
6/26/2020,9159.437772
6/27/2020,9002.165617
6/28/2020,9108.065675
6/29/2020,9184.247366
6/30/2020,9143.967585
07-01-2020,9241.339612
07-02-2020,9094.387287
07-03-2020,9066.690697
07-04-2020,9126.219555
07-05-2020,9079.614018
07-06-2020,9338.942591
07-07-2020,9252.158733
07-08-2020,9434.567956
07-09-2020,9231.502348
07-10-2020,9285.221015
07-11-2020,9237.171008
07-12-2020,9289.097977
7/13/2020,9236.622501
7/14/2020,9260.356987
7/15/2020,9196.725559
7/16/2020,9132.592312
7/17/2020,9156.46871
7/18/2020,9175.905309
7/19/2020,9218.842311
7/20/2020,9167.190568
7/21/2020,9388.57435
7/22/2020,9531.25743
7/23/2020,9609.166715
7/24/2020,9548.100727
7/25/2020,9702.45279
7/26/2020,9933.906554
7/27/2020,11046.50833
7/28/2020,10944.61298
7/29/2020,11115.77128
7/30/2020,11135.39073
7/31/2020,11338.19734
08-01-2020,11797.58213
08-02-2020,11094.02068
08-03-2020,11236.09568
08-04-2020,11202.65191
08-05-2020,11721.43847
08-06-2020,11769.30911
08-07-2020,11598.96906
08-08-2020,11743.00864
08-09-2020,11680.51737
08-10-2020,11870.36954
08-11-2020,11392.64409
08-12-2020,11575.51247
8/13/2020,11773.44812
8/14/2020,11774.40825
8/15/2020,11866.91036
8/16/2020,11899.64275
8/17/2020,12315.76242
8/18/2020,11992.696
8/19/2020,11736.84906
8/20/2020,11867.52034
8/21/2020,11524.69895
8/22/2020,11682.28915
8/23/2020,11665.60927
8/24/2020,11771.40805
8/25/2020,11358.45432
8/26/2020,11472.04912
8/27/2020,11314.67374
8/28/2020,11527.88303
8/29/2020,11490.76235
8/30/2020,11698.97583
8/31/2020,11678.34823
09-01-2020,11970.36486
09-02-2020,11414.52093
09-03-2020,10261.49441
09-04-2020,10471.96641
09-05-2020,10128.64359
09-06-2020,10253.2999
09-07-2020,10367.87835
09-08-2020,10108.63545
09-09-2020,10223.11141
09-10-2020,10334.63073
09-11-2020,10387.02074
09-12-2020,10436.97783
9/13/2020,10322.52361
9/14/2020,10662.71991
9/15/2020,10779.38102
9/16/2020,10968.32055
9/17/2020,10936.29275
9/18/2020,10920.11284
9/19/2020,11073.77955
9/20/2020,10921.2181
9/21/2020,10455.37996
9/22/2020,10519.83916
9/23/2020,10233.29957
9/24/2020,10739.04271
9/25/2020,10683.63058
9/26/2020,10742.03042
9/27/2020,10758.82429
9/28/2020,10727.37505
9/29/2020,10841.14274
9/30/2020,10772.35177
10-01-2020,10606.61733
10-02-2020,10570.10568
10-03-2020,10555.70543
10-04-2020,10665.61862
10-05-2020,10772.6356
10-06-2020,10596.37355
10-07-2020,10667.19439
10-08-2020,10902.52936
10-09-2020,11074.10368
10-10-2020,11302.85429
10-11-2020,11378.26253
10-12-2020,11548.40156
10/13/2020,11434.96878
10/14/2020,11417.10811
10/15/2020,11502.58124
10/16/2020,11338.98718
10/17/2020,11362.80222
10/18/2020,11489.62257
10/19/2020,11745.81197
10/20/2020,11929.45725
10/21/2020,12848.49062
10/22/2020,12997.49934
10/23/2020,12953.4297
10/24/2020,13113.86692
10/25/2020,13041.64104
10/26/2020,13080.65617
10/27/2020,13675.52393
10/28/2020,13290.32885
10/29/2020,13475.2173
10/30/2020,13603.29609
10/31/2020,13807.23361
11-01-2020,13736.89941
11-02-2020,13595.56476
11-03-2020,13996.9154
11-04-2020,14129.1482
11-05-2020,15606.46683
11-06-2020,15618.97247
11-07-2020,14866.3563
11-08-2020,15500.00071
11-09-2020,15319.81997
11-10-2020,15319.27568
11-11-2020,15731.24111
11-12-2020,16289.8149
11/13/2020,16330.06277
11/14/2020,16102.01002
11/15/2020,15986.75499
11/16/2020,16743.05394
11/17/2020,17682.16919
11/18/2020,17804.69002
11/19/2020,17818.66866
11/20/2020,18663.78185
11/21/2020,18706.58934
11/22/2020,18482.69263
11/23/2020,18373.25776
11/24/2020,19150.25105
11/25/2020,18748.39371
11/26/2020,17113.71687
11/27/2020,17101.60302
11/28/2020,17745.37731
11/29/2020,18190.86688
11/30/2020,19664.40761
12-01-2020,18820.60779
12-02-2020,19214.87223
12-03-2020,19470.31121
12-04-2020,18732.96709
12-05-2020,19114.63313
12-06-2020,19356.31368
12-07-2020,19182.17683
12-08-2020,18340.97814
12-09-2020,18574.69674
12-10-2020,18294.84695
12-11-2020,18061.76003
12-12-2020,18813.28377
12/13/2020,19156.08251
12/14/2020,19286.7513
12/15/2020,19432.58846
12/16/2020,21370.72032
12/17/2020,22789.26742
12/18/2020,23048.76456
12/19/2020,23856.77352
12/20/2020,23528.55061
12/21/2020,22937.41834
12/22/2020,23756.88877
12/23/2020,23307.2709
12/24/2020,23707.63304
12/25/2020,24669.16432
12/26/2020,26478.06811
12/27/2020,26430.8566
12/28/2020,27039.34902
12/29/2020,27231.20346
12/30/2020,28844.61368
12/31/2020,29022.67141
01-01-2021,29380.69373
01-02-2021,32022.68106
01-03-2021,33277.83531
01-04-2021,31802.14671
01-05-2021,34013.17417
01-06-2021,36643.27772
01-07-2021,39215.65115
01-08-2021,40775.40456
01-09-2021,40370.68235
01-10-2021,38329.34017
01-11-2021,35269.51372
01-12-2021,33712.46855
1/13/2021,37296.54753
1/14/2021,39045.51834
1/15/2021,36710.31742
1/16/2021,36177.2611
1/17/2021,36069.93947
1/18/2021,36594.2964
1/19/2021,36250.14619
1/20/2021,35515.48001
1/21/2021,31022.95103
1/22/2021,32986.43576
1/23/2021,32036.28227
1/24/2021,32216.10429
1/25/2021,32419.70595
1/26/2021,32640.63914
1/27/2021,30358.93472
1/28/2021,33511.2876
1/29/2021,34166.14943
1/30/2021,34349.9171
1/31/2021,33157.83257
02-01-2021,33570.27185
02-02-2021,35596.14891
02-03-2021,37578.37321
02-04-2021,37129.20294
02-05-2021,38045.41361
02-06-2021,39341.72708
02-07-2021,39003.01218
02-08-2021,46121.93407
02-09-2021,46548.16199
02-10-2021,45078.12835
02-11-2021,47892.84092
